bikeid,user_type,gender,age,start_time,stop_time,start_station_latitude,start_station_longitude,end_station_latitude,end_station_longitude,start_station_id,start_station_name,start_zipcode,start_uhf34_neighborhood,end_station_id,end_station_name,end_zipcode,end_uhf34_neighborhood,start_sdi_score,start_percent_overweight,start_aq,end_sdi_score,end_percent_overweight,end_aq,end_borough,start_borough,start_station_count,end_station_count
21257,Customer,Unknown,50,2019-09-01T00:00:04Z,2019-09-01T00:19:09Z,40.6829151,-73.99318208,40.69308257,-73.97178913,3329,Degraw St & Smith St,11217,Downtown Heights Slope,270,Adelphi St & Myrtle Ave,11238,Bedford Stuyvesant Crown Heights,74,50.8,7.44,70,62.9,6.61,Brooklyn,Brooklyn,1153,1182
28271,Customer,Unknown,50,2019-09-01T00:00:16Z,2019-09-01T00:08:19Z,40.702013,-73.923769,40.706237,-73.933871,3775,Suydam St & Knickerbocker Ave,11237,Williamsburg Bushwick,3771,McKibbin St & Bogart St,11206,Williamsburg Bushwick,98,61.8,7.5,100,61.8,7.5,Brooklyn,Brooklyn,586,601
28831,Subscriber,Unknown,50,2019-09-01T00:00:39Z,2019-09-01T00:07:02Z,40.6902375,-73.99203074,40.67909799721684,-73.98765474557877,3402,Court St & State St,11231,Downtown Heights Slope,3407,Union St & Nevins St,11215,Downtown Heights Slope,84,50.8,7.44,47,50.8,7.44,Brooklyn,Brooklyn,2234,690
31015,Subscriber,Female,27,2019-09-01T00:00:39Z,2019-09-01T00:09:33Z,40.71286844,-73.95698119,40.7239567849954,-73.94984364509583,471,Grand St & Havemeyer St,11211,Greenpoint,3668,Leonard St & Nassau Ave,11222,Greenpoint,88,41.8,8.56,61,41.8,8.56,Brooklyn,Brooklyn,1867,692
18208,Customer,Male,25,2019-09-01T00:01:25Z,2019-09-01T00:12:17Z,40.69327018,-73.97703874,40.69527008,-73.95238108,245,Myrtle Ave & St Edwards St,11237,Williamsburg Bushwick,3063,Nostrand Ave & Myrtle Ave,11235,Coney Island Sheepshead Bay,98,61.8,7.5,78,58.6,6.04,Brooklyn,Brooklyn,730,372
19891,Customer,Male,31,2019-09-01T00:01:57Z,2019-09-01T00:18:09Z,40.702997,-73.92997,40.71044554,-73.96525063,3758,George St & Wilson Ave,11207,East New York,389,Broadway & Berry St,11207,East New York,99,71.2,6.56,99,71.2,6.56,Brooklyn,Brooklyn,436,1411
39151,Subscriber,Male,31,2019-09-01T00:02:21Z,2019-09-01T00:13:15Z,40.666287,-73.98895053,40.6793307,-73.97519523,3319,14 St & 5 Ave,11215,Downtown Heights Slope,3415,Prospect Pl & 6 Ave,11217,Downtown Heights Slope,47,50.8,7.44,74,50.8,7.44,Brooklyn,Brooklyn,1317,708
32323,Subscriber,Female,24,2019-09-01T00:03:27Z,2019-09-01T00:09:02Z,40.6794388,-73.9680438,40.6765198,-73.9596082,3558,Bergen St & Vanderbilt Ave,11213,Bedford Stuyvesant Crown Heights,3562,Classon Ave & St Marks Ave,11238,Bedford Stuyvesant Crown Heights,97,62.9,6.61,70,62.9,6.61,Brooklyn,Brooklyn,1559,901
38633,Subscriber,Male,34,2019-09-01T00:03:32Z,2019-09-01T00:12:05Z,40.686312,-73.935775,40.698617,-73.941342,3052,Lewis Ave & Madison St,11221,Williamsburg Bushwick,3179,Park Ave & Marcus Garvey Blvd,11206,Williamsburg Bushwick,96,61.8,7.5,100,61.8,7.5,Brooklyn,Brooklyn,1023,453
33156,Customer,Unknown,28,2019-09-01T00:04:19Z,2019-09-01T00:12:25Z,40.7169811,-73.94485918,40.72906,-73.95779,3094,Graham Ave & Withers St,11211,Greenpoint,3112,Milton St & Franklin St,11222,Greenpoint,88,41.8,8.56,61,41.8,8.56,Brooklyn,Brooklyn,819,1755
39572,Customer,Male,35,2019-09-01T00:04:42Z,2019-09-01T00:13:43Z,40.6917823,-73.9737299,40.6809741,-73.9710097,262,Washington Park,11205,Downtown Heights Slope,3537,Carlton Ave & Dean St,11238,Bedford Stuyvesant Crown Heights,97,50.8,7.44,70,62.9,6.61,Brooklyn,Brooklyn,886,960
39596,Customer,Unknown,50,2019-09-01T00:04:45Z,2019-09-01T00:42:21Z,40.6767,-73.969024,40.6829151,-73.99318208,3576,Park Pl & Vanderbilt Ave,11238,Bedford Stuyvesant Crown Heights,3329,Degraw St & Smith St,11217,Downtown Heights Slope,70,62.9,6.61,74,50.8,7.44,Brooklyn,Brooklyn,962,1047
25273,Customer,Male,25,2019-09-01T00:05:08Z,2019-09-01T00:24:33Z,40.71413311,-73.95234386,40.71893904,-73.99266288,3087,Metropolitan Ave & Meeker Ave,11211,Greenpoint,531,Forsyth St & Broome St,10002,"Union Square, Lower Manhattan",88,41.8,8.56,97,40.5,8.67,Manhattan,Brooklyn,1486,438
27167,Subscriber,Male,28,2019-09-01T00:06:18Z,2019-09-01T00:17:07Z,40.700003,-73.92834,40.707165,-73.923711,3776,Central Ave & Starr Street,11237,Williamsburg Bushwick,3763,Wyckoff Av & Jefferson St,11385,Ridgewood Forest Hills,98,61.8,7.5,75,61.6,6.56,Queens,Brooklyn,573,799
29345,Subscriber,Male,29,2019-09-01T00:06:37Z,2019-09-01T00:30:48Z,40.6827549,-73.98258555,40.697842,-73.926241,3413,Wyckoff St & 3 Ave,11217,Downtown Heights Slope,3761,Cedar St & Myrtle Ave,11221,Williamsburg Bushwick,74,50.8,7.44,96,61.8,7.5,Brooklyn,Brooklyn,797,742
17228,Customer,Female,31,2019-09-01T00:06:51Z,2019-09-01T00:38:57Z,40.72311651,-73.95212324,40.6741806,-73.9564947,3107,Bedford Ave & Nassau Ave,11222,Greenpoint,3578,Park Pl & Franklin Ave,11216,Bedford Stuyvesant Crown Heights,61,41.8,8.56,83,62.9,6.61,Brooklyn,Brooklyn,1935,838
39103,Subscriber,Female,28,2019-09-01T00:07:01Z,2019-09-01T00:21:55Z,40.724055,-73.955736,40.711863,-73.944024,3105,N 15 St & Wythe Ave,11222,Greenpoint,3081,Graham Ave & Grand St,11211,Greenpoint,61,41.8,8.56,88,41.8,8.56,Brooklyn,Brooklyn,514,1048
39502,Subscriber,Male,26,2019-09-01T00:08:23Z,2019-09-01T00:30:27Z,40.69196566,-73.9813018,40.678045,-73.962408,239,Willoughby St & Fleet St,11201,Downtown Heights Slope,3549,Grand Ave & Bergen St,11238,Bedford Stuyvesant Crown Heights,64,50.8,7.44,70,62.9,6.61,Brooklyn,Brooklyn,1906,854
15153,Customer,Unknown,50,2019-09-01T00:08:27Z,2019-09-01T00:29:35Z,40.6804836,-73.9646795,40.682601,-73.938037,3544,Underhill Ave & Pacific St,11238,Bedford Stuyvesant Crown Heights,3046,Marcus Garvey Blvd & Macon St,11216,Bedford Stuyvesant Crown Heights,70,62.9,6.61,83,62.9,6.61,Brooklyn,Brooklyn,847,610
20974,Customer,Male,28,2019-09-01T00:09:20Z,2019-09-01T00:24:33Z,40.704876,-73.919911,40.69539817,-73.94954908,3779,Hart St & Wyckoff Ave,11237,Williamsburg Bushwick,3062,Myrtle Ave & Marcy Ave,11237,Williamsburg Bushwick,98,61.8,7.5,98,61.8,7.5,Brooklyn,Brooklyn,625,532
19571,Subscriber,Female,24,2019-09-01T00:09:39Z,2019-09-01T00:28:08Z,40.71285887,-73.96590294,40.676368,-73.952918,460,S 4 St & Wythe Ave,11211,Greenpoint,3571,Bedford Ave & Bergen St,11226,East Flatbush Flatbush,88,41.8,8.56,88,58.9,6.31,Brooklyn,Brooklyn,3437,1133
34927,Subscriber,Female,38,2019-09-01T00:09:44Z,2019-09-01T00:18:36Z,40.71638031973561,-73.94821286201477,40.70767788,-73.94016171,3456,Jackson St & Leonard St,11211,Greenpoint,3074,Montrose Ave & Bushwick Ave,11206,Williamsburg Bushwick,88,41.8,8.56,100,61.8,7.5,Brooklyn,Brooklyn,383,965
39873,Customer,Male,27,2019-09-01T00:09:49Z,2019-09-01T00:38:03Z,40.68186,-73.959432,40.697842,-73.926241,3789,Fulton St & Irving Pl,11207,East New York,3761,Cedar St & Myrtle Ave,11221,Williamsburg Bushwick,99,71.2,6.56,96,61.8,7.5,Brooklyn,Brooklyn,837,742
34362,Customer,Male,36,2019-09-01T00:10:16Z,2019-09-01T00:39:00Z,40.678045,-73.962408,40.65708866668485,-74.00870203971863,3549,Grand Ave & Bergen St,11238,Bedford Stuyvesant Crown Heights,3478,2 Ave & 36 St - Citi Bike HQ at Industry City,11232,Sunset Park,70,62.9,6.61,95,41.1,7.32,Brooklyn,Brooklyn,888,538
19287,Subscriber,Male,29,2019-09-01T00:10:24Z,2019-09-01T00:16:44Z,40.697842,-73.926241,40.707165,-73.923711,3761,Cedar St & Myrtle Ave,11221,Williamsburg Bushwick,3763,Wyckoff Av & Jefferson St,11385,Ridgewood Forest Hills,96,61.8,7.5,75,61.6,6.56,Queens,Brooklyn,918,799
15137,Subscriber,Male,33,2019-09-01T00:11:25Z,2019-09-01T00:29:57Z,40.70538077,-73.94976519,40.686312,-73.935775,3071,Boerum St & Broadway,11206,Williamsburg Bushwick,3052,Lewis Ave & Madison St,11221,Williamsburg Bushwick,100,61.8,7.5,96,61.8,7.5,Brooklyn,Brooklyn,744,969
29140,Subscriber,Male,35,2019-09-01T00:13:39Z,2019-09-01T00:19:10Z,40.6809591,-73.99905709,40.6829151,-73.99318208,3386,1 Pl & Clinton St,11231,Downtown Heights Slope,3329,Degraw St & Smith St,11217,Downtown Heights Slope,84,50.8,7.44,74,50.8,7.44,Brooklyn,Brooklyn,884,1047
25000,Subscriber,Male,27,2019-09-01T00:14:16Z,2019-09-01T00:23:28Z,40.70583339,-73.94644578,40.6894932,-73.942061,3072,Leonard St & Boerum St,11222,Greenpoint,3054,Greene Ave & Throop Ave,11221,Williamsburg Bushwick,61,41.8,8.56,96,61.8,7.5,Brooklyn,Brooklyn,494,655
33884,Customer,Male,30,2019-09-01T00:14:43Z,2019-09-01T00:21:19Z,40.69957608,-73.94708417,40.6894932,-73.942061,3066,Tompkins Ave & Hopkins St,11216,Bedford Stuyvesant Crown Heights,3054,Greene Ave & Throop Ave,11221,Williamsburg Bushwick,83,62.9,6.61,96,61.8,7.5,Brooklyn,Brooklyn,632,655
31477,Subscriber,Female,37,2019-09-01T00:16:24Z,2019-09-01T00:32:33Z,40.70538,-73.92535,40.71044554,-73.96525063,3759,Irving Ave & Jefferson St,11237,Williamsburg Bushwick,389,Broadway & Berry St,11207,East New York,98,61.8,7.5,99,71.2,6.56,Brooklyn,Brooklyn,483,1411
39461,Subscriber,Female,24,2019-09-01T00:16:37Z,2019-09-01T00:37:21Z,40.70411791,-73.94818595,40.70538077,-73.94976519,3069,Lorimer St & Broadway,11221,Williamsburg Bushwick,3071,Boerum St & Broadway,11206,Williamsburg Bushwick,96,61.8,7.5,100,61.8,7.5,Brooklyn,Brooklyn,573,566
38447,Subscriber,Female,27,2019-09-01T00:17:16Z,2019-09-01T00:46:51Z,40.675146838709786,-73.97523209452629,40.6729679,-73.97087984,3346,Berkeley Pl & 7 Ave,11217,Downtown Heights Slope,3349,Grand Army Plaza & Plaza St West,11217,Downtown Heights Slope,74,50.8,7.44,74,50.8,7.44,Brooklyn,Brooklyn,1823,2424
38526,Customer,Female,36,2019-09-01T00:17:17Z,2019-09-01T00:25:45Z,40.68676793,-73.95928168,40.6823687,-73.944118,120,Lexington Ave & Classon Ave,11221,Williamsburg Bushwick,3047,Halsey St & Tompkins Ave,11233,Bedford Stuyvesant Crown Heights,96,61.8,7.5,97,62.9,6.61,Brooklyn,Brooklyn,975,674
33808,Customer,Male,27,2019-09-01T00:17:57Z,2019-09-01T00:30:06Z,40.6851443,-73.95380904,40.68506807308177,-73.97790759801863,344,Monroe St & Bedford Ave,11216,Bedford Stuyvesant Crown Heights,3429,Hanson Pl & Ashland Pl,11217,Downtown Heights Slope,83,62.9,6.61,74,50.8,7.44,Brooklyn,Brooklyn,984,2851
39440,Subscriber,Male,45,2019-09-01T00:18:17Z,2019-09-01T00:38:43Z,40.6704922,-73.98541675,40.6721683,-73.9609,3404,7 St & 5 Ave,11215,Downtown Heights Slope,3582,Lincoln Pl & Classon Ave,11238,Bedford Stuyvesant Crown Heights,47,50.8,7.44,70,62.9,6.61,Brooklyn,Brooklyn,756,379
32385,Subscriber,Female,29,2019-09-01T00:18:40Z,2019-09-01T00:24:35Z,40.71167351,-73.95141312,40.71929301,-73.94500379,3082,Hope St & Union Ave,11211,Greenpoint,3095,Graham Ave & Herbert St,11222,Greenpoint,88,41.8,8.56,61,41.8,8.56,Brooklyn,Brooklyn,1666,424
38510,Customer,Female,22,2019-09-01T00:19:13Z,2019-09-01T00:51:33Z,40.671907,-73.993612,40.69512845,-73.99595065,3795,10 St & 2 Ave,11215,Downtown Heights Slope,406,Hicks St & Montague St,11201,Downtown Heights Slope,47,50.8,7.44,64,50.8,7.44,Brooklyn,Brooklyn,256,1426
21022,Subscriber,Male,25,2019-09-01T00:19:24Z,2019-09-01T00:24:40Z,40.72079821,-73.95484712,40.71929301,-73.94500379,3101,N 12 St & Bedford Ave,11211,Greenpoint,3095,Graham Ave & Herbert St,11222,Greenpoint,88,41.8,8.56,61,41.8,8.56,Brooklyn,Brooklyn,1695,424
19013,Subscriber,Female,27,2019-09-01T00:20:55Z,2019-09-01T00:37:05Z,40.71044554,-73.96525063,40.69425403,-73.94626915,389,Broadway & Berry St,11207,East New York,3060,Willoughby Ave & Tompkins Ave,11221,Williamsburg Bushwick,99,71.2,6.56,96,61.8,7.5,Brooklyn,Brooklyn,1866,593
20254,Subscriber,Female,26,2019-09-01T00:21:19Z,2019-09-01T00:30:36Z,40.689888,-73.981013,40.697787,-73.973736,324,DeKalb Ave & Hudson Ave,11221,Williamsburg Bushwick,242,Carlton Ave & Flushing Ave,11238,Bedford Stuyvesant Crown Heights,96,61.8,7.5,70,62.9,6.61,Brooklyn,Brooklyn,1739,792
31493,Customer,Unknown,50,2019-09-01T00:21:37Z,2019-09-01T00:42:06Z,40.6691783,-73.9554162,40.67890679,-73.94142771,3585,Union St & Bedford Ave,11225,East Flatbush Flatbush,3041,Kingston Ave & Herkimer St,11225,East Flatbush Flatbush,88,58.9,6.31,88,58.9,6.31,Brooklyn,Brooklyn,343,818
35368,Customer,Male,29,2019-09-01T00:22:32Z,2019-09-01T00:37:32Z,40.67759206937376,-73.955637216568,40.6933982,-73.939877,3673,Dean St & Franklin Ave,11238,Bedford Stuyvesant Crown Heights,3059,Pulaski St & Marcus Garvey Blvd,11206,Williamsburg Bushwick,70,62.9,6.61,100,61.8,7.5,Brooklyn,Brooklyn,1090,412
31445,Subscriber,Male,17,2019-09-01T00:22:37Z,2019-09-01T00:42:34Z,40.6867443,-73.99063168,40.65708866668485,-74.00870203971863,3409,Bergen St & Smith St,11213,Bedford Stuyvesant Crown Heights,3478,2 Ave & 36 St - Citi Bike HQ at Industry City,11232,Sunset Park,97,62.9,6.61,95,41.1,7.32,Brooklyn,Brooklyn,2966,538
15462,Customer,Unknown,50,2019-09-01T00:22:57Z,2019-09-01T00:58:30Z,40.69474881,-73.98362464,40.70411791,-73.94818595,261,Johnson St & Gold St,11201,Downtown Heights Slope,3069,Lorimer St & Broadway,11221,Williamsburg Bushwick,64,50.8,7.44,96,61.8,7.5,Brooklyn,Brooklyn,1163,445
39669,Subscriber,Male,34,2019-09-01T00:23:29Z,2019-09-01T00:31:12Z,40.715353,-73.93856,40.71167351,-73.95141312,3766,Sharon St & Olive St,11211,Greenpoint,3082,Hope St & Union Ave,11211,Greenpoint,88,41.8,8.56,88,41.8,8.56,Brooklyn,Brooklyn,701,1126
33373,Subscriber,Male,29,2019-09-01T00:23:56Z,2019-09-01T00:29:18Z,40.6721683,-73.9609,40.6679411,-73.9588,3582,Lincoln Pl & Classon Ave,11238,Bedford Stuyvesant Crown Heights,3590,Carroll St & Franklin Ave,11225,East Flatbush Flatbush,70,62.9,6.61,88,58.9,6.31,Brooklyn,Brooklyn,383,283
35250,Customer,Male,25,2019-09-01T00:24:23Z,2019-09-01T00:39:54Z,40.67890679,-73.94142771,40.698568,-73.918877,3041,Kingston Ave & Herkimer St,11225,East Flatbush Flatbush,3781,Greene Av & Myrtle Av,11237,Williamsburg Bushwick,88,58.9,6.31,98,61.8,7.5,Brooklyn,Brooklyn,772,878
39870,Subscriber,Male,32,2019-09-01T00:24:28Z,2019-09-01T00:34:10Z,40.6851532,-73.94111,40.680342423,-73.9557689392,3050,Putnam Ave & Throop Ave,11221,Williamsburg Bushwick,396,Lefferts Pl & Franklin Ave,11216,Bedford Stuyvesant Crown Heights,96,61.8,7.5,83,62.9,6.61,Brooklyn,Brooklyn,714,515
32083,Subscriber,Male,33,2019-09-01T00:24:46Z,2019-09-01T00:39:03Z,40.6792788,-73.98154004,40.6765198,-73.9596082,3419,Douglass St & 4 Ave,11217,Downtown Heights Slope,3562,Classon Ave & St Marks Ave,11238,Bedford Stuyvesant Crown Heights,74,50.8,7.44,70,62.9,6.61,Brooklyn,Brooklyn,1053,901
38612,Subscriber,Male,41,2019-09-01T00:25:40Z,2019-09-01T00:39:52Z,40.677236,-74.015665,40.6859296,-74.00242364,3348,Coffey St & Conover St,11231,Downtown Heights Slope,3422,Columbia St & Degraw St,11231,Downtown Heights Slope,84,50.8,7.44,84,50.8,7.44,Brooklyn,Brooklyn,685,943
35005,Subscriber,Male,26,2019-09-01T00:26:02Z,2019-09-01T00:41:06Z,40.6933982,-73.939877,40.672695,-73.954131,3059,Pulaski St & Marcus Garvey Blvd,11206,Williamsburg Bushwick,3579,Sterling Pl & Bedford Ave,11233,Bedford Stuyvesant Crown Heights,100,61.8,7.5,97,62.9,6.61,Brooklyn,Brooklyn,491,970
38988,Subscriber,Male,29,2019-09-01T00:26:57Z,2019-09-01T00:58:48Z,40.7027,-73.92095,40.74708586,-73.94977234,3778,Irving Ave & DeKalb Ave,11237,Williamsburg Bushwick,3125,45 Rd & 11 St,11101,Long Island City Astoria,98,61.8,7.5,85,56.4,7.99,Queens,Brooklyn,431,317
39773,Customer,Unknown,50,2019-09-01T00:27:03Z,2019-09-01T00:33:06Z,40.711863,-73.944024,40.71924,-73.95242,3081,Graham Ave & Grand St,11211,Greenpoint,3096,Union Ave & N 12 St,11211,Greenpoint,88,41.8,8.56,88,41.8,8.56,Brooklyn,Brooklyn,1331,1373
32323,Subscriber,Male,32,2019-09-01T00:27:09Z,2019-09-01T00:38:46Z,40.6765198,-73.9596082,40.6849668,-73.98620772,3562,Classon Ave & St Marks Ave,11238,Bedford Stuyvesant Crown Heights,3411,Bond St & Bergen St,11217,Downtown Heights Slope,70,62.9,6.61,74,50.8,7.44,Brooklyn,Brooklyn,1039,845
39137,Subscriber,Male,41,2019-09-01T00:28:07Z,2019-09-01T00:55:29Z,40.702461,-73.986842,40.707165,-73.923711,3804,Front St & Jay St,11201,Downtown Heights Slope,3763,Wyckoff Av & Jefferson St,11385,Ridgewood Forest Hills,64,50.8,7.44,75,61.6,6.56,Queens,Brooklyn,2035,799
30778,Customer,Female,28,2019-09-01T00:29:17Z,2019-09-01T00:53:58Z,40.66514681533792,-73.97637605667114,40.69237074,-73.93705428,3300,Prospect Park West & 8 St,11215,Downtown Heights Slope,3058,Lewis Ave & Kosciuszko St,11221,Williamsburg Bushwick,47,50.8,7.44,96,61.8,7.5,Brooklyn,Brooklyn,1085,634
15926,Customer,Male,24,2019-09-01T00:29:52Z,2019-09-01T00:44:21Z,40.68216564,-73.95399026,40.66514681533792,-73.97637605667114,436,Hancock St & Bedford Ave,11233,Bedford Stuyvesant Crown Heights,3300,Prospect Park West & 8 St,11215,Downtown Heights Slope,97,62.9,6.61,47,50.8,7.44,Brooklyn,Brooklyn,579,1114
18232,Subscriber,Male,43,2019-09-01T00:32:09Z,2019-09-01T00:37:27Z,40.69102925677968,-73.99183362722397,40.6861758,-73.99645295,3242,Schermerhorn St & Court St,11201,Downtown Heights Slope,3308,Kane St & Clinton St,11231,Downtown Heights Slope,64,50.8,7.44,84,50.8,7.44,Brooklyn,Brooklyn,1281,731
26412,Subscriber,Male,34,2019-09-01T00:32:51Z,2019-09-01T00:47:33Z,40.698568,-73.918877,40.715143,-73.944507,3781,Greene Av & Myrtle Av,11237,Williamsburg Bushwick,3086,Graham Ave & Conselyea St,11211,Greenpoint,98,61.8,7.5,88,41.8,8.56,Brooklyn,Brooklyn,1012,1440
30649,Customer,Male,28,2019-09-01T00:33:07Z,2019-09-01T00:39:37Z,40.724812564400175,-73.94752621650696,40.73026,-73.95394,3100,Nassau Ave & Newell St,11222,Greenpoint,3113,Greenpoint Ave & Manhattan Ave,11222,Greenpoint,61,41.8,8.56,61,41.8,8.56,Brooklyn,Brooklyn,1206,1253
38266,Subscriber,Female,35,2019-09-01T00:33:08Z,2019-09-01T00:39:51Z,40.679043,-74.011169,40.6859296,-74.00242364,3344,Pioneer St & Van Brunt St,11231,Downtown Heights Slope,3422,Columbia St & Degraw St,11231,Downtown Heights Slope,84,50.8,7.44,84,50.8,7.44,Brooklyn,Brooklyn,663,943
38190,Subscriber,Female,34,2019-09-01T00:33:40Z,2019-09-01T01:08:12Z,40.680611,-73.99475825,40.6814598,-73.934903,3382,Carroll St & Smith St,11231,Downtown Heights Slope,3043,Lewis Ave & Decatur St,11233,Bedford Stuyvesant Crown Heights,84,50.8,7.44,97,62.9,6.61,Brooklyn,Brooklyn,1573,509
39839,Subscriber,Male,29,2019-09-01T00:33:42Z,2019-09-01T00:39:45Z,40.6769694,-73.96579,40.68539567,-73.97431458,3574,Prospect Pl & Underhill Ave,11238,Bedford Stuyvesant Crown Heights,353,S Portland Ave & Hanson Pl,11217,Downtown Heights Slope,70,62.9,6.61,74,50.8,7.44,Brooklyn,Brooklyn,690,1005
38201,Subscriber,Female,32,2019-09-01T00:33:43Z,2019-09-01T00:40:53Z,40.68981035,-73.97493121,40.68488,-73.96304,241,DeKalb Ave & S Portland Ave,11221,Williamsburg Bushwick,3049,Cambridge Pl & Gates Ave,11238,Bedford Stuyvesant Crown Heights,96,61.8,7.5,70,62.9,6.61,Brooklyn,Brooklyn,1367,800
14786,Subscriber,Male,40,2019-09-01T00:34:29Z,2019-09-01T00:43:13Z,40.6883337,-73.950916,40.676368,-73.952918,3055,Greene Ave & Nostrand Ave,11216,Bedford Stuyvesant Crown Heights,3571,Bedford Ave & Bergen St,11226,East Flatbush Flatbush,83,62.9,6.61,88,58.9,6.31,Brooklyn,Brooklyn,712,1133
33018,Subscriber,Male,31,2019-09-01T00:34:37Z,2019-09-01T00:41:51Z,40.683238654603414,-73.96599590778351,40.6849668,-73.98620772,3637,Fulton St & Waverly Ave,11207,East New York,3411,Bond St & Bergen St,11217,Downtown Heights Slope,99,71.2,6.56,74,50.8,7.44,Brooklyn,Brooklyn,1409,845
17084,Subscriber,Male,47,2019-09-01T00:35:09Z,2019-09-01T00:43:25Z,40.68691865,-73.976682,40.6845683,-73.95881081,274,Lafayette Ave & Fort Greene Pl,11221,Williamsburg Bushwick,289,Monroe St & Classon Ave,11221,Williamsburg Bushwick,96,61.8,7.5,96,61.8,7.5,Brooklyn,Brooklyn,2014,828
25264,Subscriber,Male,24,2019-09-01T00:35:27Z,2019-09-01T00:47:55Z,40.68539567,-73.97431458,40.6823687,-73.944118,353,S Portland Ave & Hanson Pl,11217,Downtown Heights Slope,3047,Halsey St & Tompkins Ave,11233,Bedford Stuyvesant Crown Heights,74,50.8,7.44,97,62.9,6.61,Brooklyn,Brooklyn,1059,674
17558,Subscriber,Male,28,2019-09-01T00:35:40Z,2019-09-01T00:42:23Z,40.69064807082943,-73.95746178925037,40.676368,-73.952918,3755,DeKalb Ave & Franklin Ave,11205,Downtown Heights Slope,3571,Bedford Ave & Bergen St,11226,East Flatbush Flatbush,97,50.8,7.44,88,58.9,6.31,Brooklyn,Brooklyn,922,1133
38094,Subscriber,Male,34,2019-09-01T00:35:56Z,2019-09-01T00:42:08Z,40.68900443,-73.96023854,40.68186,-73.959432,364,Lafayette Ave & Classon Ave,11221,Williamsburg Bushwick,3789,Fulton St & Irving Pl,11207,East New York,96,61.8,7.5,99,71.2,6.56,Brooklyn,Brooklyn,1217,864
28938,Subscriber,Male,58,2019-09-01T00:36:26Z,2019-09-01T00:43:38Z,40.688417427540834,-73.98451656103134,40.68764484,-73.96968902,3486,Schermerhorn St & Bond St,11201,Downtown Heights Slope,420,Clermont Ave & Lafayette Ave,11205,Downtown Heights Slope,64,50.8,7.44,97,50.8,7.44,Brooklyn,Brooklyn,1968,712
20847,Customer,Unknown,50,2019-09-01T00:36:35Z,2019-09-01T00:49:22Z,40.6765304,-73.97846879,40.6642406,-73.9574686,3339,Berkeley Pl & 6 Ave,11217,Downtown Heights Slope,3596,Sullivan Pl & Bedford Ave,11225,East Flatbush Flatbush,74,50.8,7.44,88,58.9,6.31,Brooklyn,Brooklyn,914,193
32289,Customer,Unknown,50,2019-09-01T00:37:13Z,2019-09-01T03:57:11Z,40.702831,-73.9333,40.702831,-73.9333,3770,Central Ave & Flushing Ave,11206,Williamsburg Bushwick,3770,Central Ave & Flushing Ave,11206,Williamsburg Bushwick,100,61.8,7.5,100,61.8,7.5,Brooklyn,Brooklyn,488,467
18675,Subscriber,Male,39,2019-09-01T00:37:30Z,2019-09-01T00:44:02Z,40.70934,-73.95608,40.716887,-73.963198,3080,S 4 St & Rodney St,11211,Greenpoint,2002,Wythe Ave & Metropolitan Ave,11211,Greenpoint,88,41.8,8.56,88,41.8,8.56,Brooklyn,Brooklyn,1294,2675
26603,Subscriber,Male,20,2019-09-01T00:37:42Z,2019-09-01T00:47:57Z,40.72557,-73.94434,40.72557,-73.94434,3108,Nassau Ave & Russell St,11222,Greenpoint,3108,Nassau Ave & Russell St,11222,Greenpoint,61,41.8,8.56,61,41.8,8.56,Brooklyn,Brooklyn,1982,1627
26068,Subscriber,Male,28,2019-09-01T00:38:02Z,2019-09-01T00:44:20Z,40.6809741,-73.9710097,40.67759206937376,-73.955637216568,3537,Carlton Ave & Dean St,11238,Bedford Stuyvesant Crown Heights,3673,Dean St & Franklin Ave,11238,Bedford Stuyvesant Crown Heights,70,62.9,6.61,70,62.9,6.61,Brooklyn,Brooklyn,1205,1039
30828,Subscriber,Female,29,2019-09-01T00:38:17Z,2019-09-01T00:47:01Z,40.692418292578466,-73.98949474096298,40.6787242,-73.99599099,3440,Fulton St & Adams St,11207,East New York,3384,Smith St & 3 St,11231,Downtown Heights Slope,99,71.2,6.56,84,50.8,7.44,Brooklyn,Brooklyn,2385,1098
38710,Customer,Unknown,50,2019-09-01T00:38:21Z,2019-09-01T01:03:59Z,40.70877084,-73.95095259,40.716887,-73.963198,3077,Stagg St & Union Ave,11211,Greenpoint,2002,Wythe Ave & Metropolitan Ave,11211,Greenpoint,88,41.8,8.56,88,41.8,8.56,Brooklyn,Brooklyn,1339,2675
38896,Subscriber,Male,31,2019-09-01T00:39:00Z,2019-09-01T00:50:40Z,40.73232194,-73.9550858,40.71167351,-73.95141312,3115,India St & Manhattan Ave,11222,Greenpoint,3082,Hope St & Union Ave,11211,Greenpoint,61,41.8,8.56,88,41.8,8.56,Brooklyn,Brooklyn,1227,1126
39318,Customer,Male,20,2019-09-01T00:39:19Z,2019-09-01T01:01:11Z,40.72708584,-73.95299117,40.704876,-73.919911,3110,Meserole Ave & Manhattan Ave,11222,Greenpoint,3779,Hart St & Wyckoff Ave,11237,Williamsburg Bushwick,61,41.8,8.56,98,61.8,7.5,Brooklyn,Brooklyn,1550,515
16935,Subscriber,Male,20,2019-09-01T00:39:24Z,2019-09-01T01:01:46Z,40.6769993,-74.00647134,40.6769993,-74.00647134,3394,Columbia St & W 9 St,11231,Downtown Heights Slope,3394,Columbia St & W 9 St,11231,Downtown Heights Slope,84,50.8,7.44,84,50.8,7.44,Brooklyn,Brooklyn,299,287
20582,Customer,Male,34,2019-09-01T00:40:42Z,2019-09-01T01:18:43Z,40.6685455,-73.99333264,40.697842,-73.926241,3324,3 Ave & 14 St,11215,Downtown Heights Slope,3761,Cedar St & Myrtle Ave,11221,Williamsburg Bushwick,47,50.8,7.44,96,61.8,7.5,Brooklyn,Brooklyn,613,742
20531,Subscriber,Male,48,2019-09-01T00:40:52Z,2019-09-01T00:57:21Z,40.69363137,-73.96223558,40.69991755,-73.98971773,354,Emerson Pl & Myrtle Ave,11205,Downtown Heights Slope,321,Cadman Plaza E & Red Cross Pl,11201,Downtown Heights Slope,97,50.8,7.44,64,50.8,7.44,Brooklyn,Brooklyn,1399,1321
27917,Subscriber,Female,29,2019-09-01T00:41:24Z,2019-09-01T00:50:03Z,40.6803560840434,-73.9476791024208,40.6894932,-73.942061,3249,Verona Pl & Fulton St,11216,Bedford Stuyvesant Crown Heights,3054,Greene Ave & Throop Ave,11221,Williamsburg Bushwick,83,62.9,6.61,96,61.8,7.5,Brooklyn,Brooklyn,704,655
31052,Subscriber,Male,31,2019-09-01T00:42:09Z,2019-09-01T00:48:20Z,40.6791944,-73.9587903,40.68216564,-73.95399026,3546,Pacific St & Classon Ave,11238,Bedford Stuyvesant Crown Heights,436,Hancock St & Bedford Ave,11233,Bedford Stuyvesant Crown Heights,70,62.9,6.61,97,62.9,6.61,Brooklyn,Brooklyn,279,501
25342,Subscriber,Male,43,2019-09-01T00:42:29Z,2019-09-01T00:48:24Z,40.71019,-73.93734,40.715143,-73.944507,3768,Waterbury St & Stagg St,11211,Greenpoint,3086,Graham Ave & Conselyea St,11211,Greenpoint,88,41.8,8.56,88,41.8,8.56,Brooklyn,Brooklyn,435,1440
30352,Subscriber,Male,22,2019-09-01T00:43:01Z,2019-09-01T00:50:46Z,40.6786115,-73.99037292,40.6685455,-73.99333264,3377,Carroll St & Bond St,11231,Downtown Heights Slope,3324,3 Ave & 14 St,11215,Downtown Heights Slope,84,50.8,7.44,47,50.8,7.44,Brooklyn,Brooklyn,1106,567
39012,Subscriber,Male,27,2019-09-01T00:43:25Z,2019-09-01T01:14:23Z,40.715143,-73.944507,40.735238,-74.000271,3086,Graham Ave & Conselyea St,11211,Greenpoint,383,Greenwich Ave & Charles St,10014,Chelsea Village,88,41.8,8.56,37,38.1,10.02,Manhattan,Brooklyn,1643,45
21564,Subscriber,Female,22,2019-09-01T00:43:38Z,2019-09-01T01:09:55Z,40.6787242,-73.99599099,40.7172274,-73.98802084,3384,Smith St & 3 St,11231,Downtown Heights Slope,311,Norfolk St & Broome St,10002,"Union Square, Lower Manhattan",84,50.8,7.44,97,40.5,8.67,Manhattan,Brooklyn,949,400
39062,Subscriber,Male,41,2019-09-01T00:44:33Z,2019-09-01T01:11:57Z,40.70870368,-73.9448625,40.72019576,-73.98997825,3076,Scholes St & Manhattan Ave,11206,Williamsburg Bushwick,401,Allen St & Rivington St,10002,"Union Square, Lower Manhattan",100,61.8,7.5,97,40.5,8.67,Manhattan,Brooklyn,1365,511
39961,Subscriber,Male,43,2019-09-01T00:46:20Z,2019-09-01T01:11:47Z,40.69425403,-73.94626915,40.6729679,-73.97087984,3060,Willoughby Ave & Tompkins Ave,11221,Williamsburg Bushwick,3349,Grand Army Plaza & Plaza St West,11217,Downtown Heights Slope,96,61.8,7.5,74,50.8,7.44,Brooklyn,Brooklyn,669,2424
18557,Subscriber,Male,25,2019-09-01T00:46:53Z,2019-09-01T01:11:08Z,40.7160751,-73.952029,40.72917025,-73.99810231,3088,Union Ave & Jackson St,11211,Greenpoint,161,LaGuardia Pl & W 3 St,10012,Chelsea Village,88,41.8,8.56,60,38.1,10.02,Manhattan,Brooklyn,683,240
18448,Customer,Male,21,2019-09-01T00:47:01Z,2019-09-01T01:22:56Z,40.69236178,-73.98631746,40.6933982,-73.939877,323,Lawrence St & Willoughby St,11201,Downtown Heights Slope,3059,Pulaski St & Marcus Garvey Blvd,11206,Williamsburg Bushwick,64,50.8,7.44,100,61.8,7.5,Brooklyn,Brooklyn,2346,412
28587,Customer,Male,37,2019-09-01T00:47:17Z,2019-09-01T00:54:15Z,40.69239502,-73.99337909,40.69196566,-73.9813018,143,Clinton St & Joralemon St,11231,Downtown Heights Slope,239,Willoughby St & Fleet St,11201,Downtown Heights Slope,84,50.8,7.44,64,50.8,7.44,Brooklyn,Brooklyn,1780,1462
15009,Subscriber,Male,36,2019-09-01T00:48:55Z,2019-09-01T00:58:39Z,40.69072549,-73.95133465,40.68691865,-73.976682,3056,Kosciuszko St & Nostrand Ave,11221,Williamsburg Bushwick,274,Lafayette Ave & Fort Greene Pl,11221,Williamsburg Bushwick,96,61.8,7.5,96,61.8,7.5,Brooklyn,Brooklyn,736,1852
35066,Subscriber,Male,27,2019-09-01T00:49:37Z,2019-09-01T01:00:48Z,40.676368,-73.952918,40.68312489,-73.97895137,3571,Bedford Ave & Bergen St,11226,East Flatbush Flatbush,467,Dean St & 4 Ave,11213,Bedford Stuyvesant Crown Heights,88,58.9,6.31,97,62.9,6.61,Brooklyn,Brooklyn,1243,1863
25398,Subscriber,Male,18,2019-09-01T00:50:05Z,2019-09-01T00:55:56Z,40.69308257,-73.97178913,40.68851534,-73.9647628,270,Adelphi St & Myrtle Ave,11238,Bedford Stuyvesant Crown Heights,399,Lafayette Ave & St James Pl,11205,Downtown Heights Slope,70,62.9,6.61,97,50.8,7.44,Brooklyn,Brooklyn,1233,1501
19639,Subscriber,Male,26,2019-09-01T00:56:59Z,2019-09-01T01:17:05Z,40.67260298150126,-73.98983001708984,40.67890679,-73.94142771,3399,7 St & 3 Ave,11215,Downtown Heights Slope,3041,Kingston Ave & Herkimer St,11225,East Flatbush Flatbush,47,50.8,7.44,88,58.9,6.31,Brooklyn,Brooklyn,651,818
19958,Subscriber,Male,34,2019-09-01T00:57:28Z,2019-09-01T01:08:37Z,40.68926942,-73.98912867,40.675146838709786,-73.97523209452629,310,State St & Smith St,11208,East New York,3346,Berkeley Pl & 7 Ave,11217,Downtown Heights Slope,97,71.2,6.56,74,50.8,7.44,Brooklyn,Brooklyn,1509,1724
38249,Subscriber,Male,33,2019-09-01T00:57:29Z,2019-09-01T01:08:05Z,40.69512845,-73.99595065,40.69308257,-73.97178913,406,Hicks St & Montague St,11201,Downtown Heights Slope,270,Adelphi St & Myrtle Ave,11238,Bedford Stuyvesant Crown Heights,64,50.8,7.44,70,62.9,6.61,Brooklyn,Brooklyn,1518,1182
26955,Subscriber,Male,37,2019-09-01T00:58:30Z,2019-09-01T01:07:08Z,40.680342423,-73.9557689392,40.686312,-73.935775,396,Lefferts Pl & Franklin Ave,11216,Bedford Stuyvesant Crown Heights,3052,Lewis Ave & Madison St,11221,Williamsburg Bushwick,83,62.9,6.61,96,61.8,7.5,Brooklyn,Brooklyn,519,969
35002,Subscriber,Male,53,2019-09-01T00:58:36Z,2019-09-01T01:09:24Z,40.69331716,-73.95381995,40.6814598,-73.934903,373,Willoughby Ave & Walworth St,11205,Downtown Heights Slope,3043,Lewis Ave & Decatur St,11233,Bedford Stuyvesant Crown Heights,97,50.8,7.44,97,62.9,6.61,Brooklyn,Brooklyn,677,509
27813,Subscriber,Male,29,2019-09-01T01:02:14Z,2019-09-01T01:24:20Z,40.694546087246025,-73.95801365375519,40.70870368,-73.9448625,372,Franklin Ave & Myrtle Ave,11205,Downtown Heights Slope,3076,Scholes St & Manhattan Ave,11206,Williamsburg Bushwick,97,50.8,7.44,100,61.8,7.5,Brooklyn,Brooklyn,583,1049
39060,Subscriber,Unknown,50,2019-09-01T01:02:38Z,2019-09-01T01:11:12Z,40.67909799721684,-73.98765474557877,40.68506807308177,-73.97790759801863,3407,Union St & Nevins St,11215,Downtown Heights Slope,3429,Hanson Pl & Ashland Pl,11217,Downtown Heights Slope,47,50.8,7.44,74,50.8,7.44,Brooklyn,Brooklyn,820,2851
39461,Subscriber,Female,24,2019-09-01T01:03:27Z,2019-09-01T01:28:12Z,40.7016657,-73.9437303,40.711863,-73.944024,3067,Broadway & Whipple St,11207,East New York,3081,Graham Ave & Grand St,11211,Greenpoint,99,71.2,6.56,88,41.8,8.56,Brooklyn,Brooklyn,762,1048
14788,Customer,Male,18,2019-09-01T01:03:43Z,2019-09-01T01:13:30Z,40.70924826276157,-73.96063148975372,40.705517,-73.93936,3078,Broadway & Roebling St,11207,East New York,3764,Bushwick Ave & McKibbin St,11206,Williamsburg Bushwick,99,71.2,6.56,100,61.8,7.5,Brooklyn,Brooklyn,1308,249
39422,Subscriber,Male,20,2019-09-01T01:05:27Z,2019-09-01T02:21:04Z,40.6747055,-74.0075572,40.6773429,-74.01275056,3333,Columbia St & Lorraine St,11231,Downtown Heights Slope,3347,Van Brunt St & Wolcott St,11231,Downtown Heights Slope,84,50.8,7.44,84,50.8,7.44,Brooklyn,Brooklyn,181,796
30857,Subscriber,Female,33,2019-09-01T01:06:35Z,2019-09-01T01:52:31Z,40.698458,-73.997178,40.69239502,-73.99337909,3782,Brooklyn Bridge Park - Pier 2,11201,Downtown Heights Slope,143,Clinton St & Joralemon St,11231,Downtown Heights Slope,64,50.8,7.44,84,50.8,7.44,Brooklyn,Brooklyn,1033,1750
38969,Customer,Male,28,2019-09-01T01:09:43Z,2019-09-01T01:27:46Z,40.699304,-73.923044,40.71335226222875,-73.9491033554077,3777,Stockholm St & Wilson Ave,11237,Williamsburg Bushwick,3453,Devoe St & Lorimer St,11211,Greenpoint,98,61.8,7.5,88,41.8,8.56,Brooklyn,Brooklyn,387,1100
27007,Customer,Unknown,50,2019-09-01T01:10:07Z,2019-09-01T01:32:29Z,40.72606,-73.95621,40.700003,-73.92834,3109,Banker St & Meserole Ave,11222,Greenpoint,3776,Central Ave & Starr Street,11237,Williamsburg Bushwick,61,41.8,8.56,98,61.8,7.5,Brooklyn,Brooklyn,784,519
38633,Subscriber,Male,24,2019-09-01T01:10:11Z,2019-09-01T01:23:56Z,40.698617,-73.941342,40.7027,-73.92095,3179,Park Ave & Marcus Garvey Blvd,11206,Williamsburg Bushwick,3778,Irving Ave & DeKalb Ave,11237,Williamsburg Bushwick,100,61.8,7.5,98,61.8,7.5,Brooklyn,Brooklyn,517,359
32968,Subscriber,Male,18,2019-09-01T01:10:54Z,2019-09-01T01:29:34Z,40.716887,-73.963198,40.69237074,-73.93705428,2002,Wythe Ave & Metropolitan Ave,11211,Greenpoint,3058,Lewis Ave & Kosciuszko St,11221,Williamsburg Bushwick,88,41.8,8.56,96,61.8,7.5,Brooklyn,Brooklyn,3221,634
39661,Subscriber,Male,34,2019-09-01T01:12:37Z,2019-09-01T01:19:20Z,40.6772744,-73.98282002,40.6787242,-73.99599099,3335,Union St & 4 Ave,11215,Downtown Heights Slope,3384,Smith St & 3 St,11231,Downtown Heights Slope,47,50.8,7.44,84,50.8,7.44,Brooklyn,Brooklyn,1485,1098
29376,Subscriber,Male,17,2019-09-01T01:13:26Z,2019-09-01T01:35:48Z,40.693261,-73.968896,40.6686627,-73.97988067,366,Clinton Ave & Myrtle Ave,11205,Downtown Heights Slope,3297,6 St & 7 Ave,11215,Downtown Heights Slope,97,50.8,7.44,47,50.8,7.44,Brooklyn,Brooklyn,1764,514
31042,Subscriber,Male,35,2019-09-01T01:16:54Z,2019-09-01T01:22:21Z,40.69527008,-73.95238108,40.6900815,-73.947915,3063,Nostrand Ave & Myrtle Ave,11235,Coney Island Sheepshead Bay,3053,Marcy Ave & Lafayette Ave,11216,Bedford Stuyvesant Crown Heights,78,58.6,6.04,83,62.9,6.61,Brooklyn,Brooklyn,488,505
38438,Subscriber,Unknown,50,2019-09-01T01:20:20Z,2019-09-01T01:50:44Z,40.72906,-73.95779,40.675146838709786,-73.97523209452629,3112,Milton St & Franklin St,11222,Greenpoint,3346,Berkeley Pl & 7 Ave,11217,Downtown Heights Slope,61,41.8,8.56,74,50.8,7.44,Brooklyn,Brooklyn,2404,1724
20147,Subscriber,Female,32,2019-09-01T01:23:04Z,2019-09-01T01:32:46Z,40.709897,-73.94008,40.6933982,-73.939877,3765,Bushwick Ave & Stagg St,11211,Greenpoint,3059,Pulaski St & Marcus Garvey Blvd,11206,Williamsburg Bushwick,88,41.8,8.56,100,61.8,7.5,Brooklyn,Brooklyn,187,412
27004,Subscriber,Female,24,2019-09-01T01:23:35Z,2019-09-01T01:31:39Z,40.71469,-73.95739,40.715143,-73.944507,3085,Roebling St & N 4 St,11211,Greenpoint,3086,Graham Ave & Conselyea St,11211,Greenpoint,88,41.8,8.56,88,41.8,8.56,Brooklyn,Brooklyn,1545,1440
33632,Subscriber,Male,34,2019-09-01T01:24:12Z,2019-09-01T01:35:18Z,40.69089272,-73.99612349,40.679043,-74.011169,157,Henry St & Atlantic Ave,11231,Downtown Heights Slope,3344,Pioneer St & Van Brunt St,11231,Downtown Heights Slope,84,50.8,7.44,84,50.8,7.44,Brooklyn,Brooklyn,1391,650
20623,Subscriber,Unknown,29,2019-09-01T01:33:17Z,2019-09-01T01:40:53Z,40.6795766,-73.97854971,40.6705135,-73.98876585,3417,Baltic St & 5 Ave,11217,Downtown Heights Slope,3403,4 Ave & 9 St,11215,Downtown Heights Slope,74,50.8,7.44,47,50.8,7.44,Brooklyn,Brooklyn,1291,825
16530,Subscriber,Male,36,2019-09-01T01:36:25Z,2019-09-01T01:51:32Z,40.71907891179564,-73.94223690032959,40.704425,-73.92836,3430,Richardson St & N Henry St,11222,Greenpoint,3774,Knickerbocker Ave & George St,11237,Williamsburg Bushwick,61,41.8,8.56,98,61.8,7.5,Brooklyn,Brooklyn,918,413
16213,Customer,Male,48,2019-09-01T01:36:26Z,2019-09-01T01:43:23Z,40.6750207,-73.97111473,40.678045,-73.962408,3418,Plaza St West & Flatbush Ave,11217,Downtown Heights Slope,3549,Grand Ave & Bergen St,11238,Bedford Stuyvesant Crown Heights,74,50.8,7.44,70,62.9,6.61,Brooklyn,Brooklyn,1379,854
27631,Subscriber,Male,42,2019-09-01T01:37:35Z,2019-09-01T01:44:28Z,40.68506807308177,-73.97790759801863,40.6881529,-73.99520919,3429,Hanson Pl & Ashland Pl,11217,Downtown Heights Slope,3408,Congress St & Clinton St,11201,Downtown Heights Slope,74,50.8,7.44,64,50.8,7.44,Brooklyn,Brooklyn,3271,1084
38908,Subscriber,Male,34,2019-09-01T01:38:30Z,2019-09-01T02:02:51Z,40.686203,-73.944694,40.71413311,-73.95234386,3241,Monroe St & Tompkins Ave,11216,Bedford Stuyvesant Crown Heights,3087,Metropolitan Ave & Meeker Ave,11211,Greenpoint,83,62.9,6.61,88,41.8,8.56,Brooklyn,Brooklyn,731,1211
28951,Customer,Male,33,2019-09-01T01:39:20Z,2019-09-01T01:48:42Z,40.69573398,-73.97129668,40.68186,-73.959432,421,Clermont Ave & Park Ave,11205,Downtown Heights Slope,3789,Fulton St & Irving Pl,11207,East New York,97,50.8,7.44,99,71.2,6.56,Brooklyn,Brooklyn,759,864
27793,Customer,Unknown,50,2019-09-01T01:39:55Z,2019-09-01T01:46:27Z,40.71924,-73.95242,40.72557,-73.94434,3096,Union Ave & N 12 St,11211,Greenpoint,3108,Nassau Ave & Russell St,11222,Greenpoint,88,41.8,8.56,61,41.8,8.56,Brooklyn,Brooklyn,1758,1627
28216,Subscriber,Male,29,2019-09-01T01:43:24Z,2019-09-01T01:53:59Z,40.68841,-73.979458,40.6900815,-73.947915,243,Fulton St & Rockwell Pl,11207,East New York,3053,Marcy Ave & Lafayette Ave,11216,Bedford Stuyvesant Crown Heights,99,71.2,6.56,83,62.9,6.61,Brooklyn,Brooklyn,1109,505
34258,Customer,Unknown,50,2019-09-01T01:45:24Z,2019-09-01T01:56:33Z,40.6777287,-73.99364123,40.6686627,-73.97988067,3381,3 St & Hoyt St,11231,Downtown Heights Slope,3297,6 St & 7 Ave,11215,Downtown Heights Slope,84,50.8,7.44,47,50.8,7.44,Brooklyn,Brooklyn,590,514
19863,Customer,Male,25,2019-09-01T01:47:04Z,2019-09-01T01:52:51Z,40.68382604,-73.97632328,40.69327018,-73.97703874,83,Atlantic Ave & Fort Greene Pl,11208,East New York,245,Myrtle Ave & St Edwards St,11237,Williamsburg Bushwick,97,71.2,6.56,98,61.8,7.5,Brooklyn,Brooklyn,1692,553
17012,Customer,Unknown,50,2019-09-01T01:47:37Z,2019-09-01T02:27:12Z,40.68763155,-74.0016256,40.68763155,-74.0016256,3311,Columbia St & Kane St,11231,Downtown Heights Slope,3311,Columbia St & Kane St,11231,Downtown Heights Slope,84,50.8,7.44,84,50.8,7.44,Brooklyn,Brooklyn,758,664
17952,Subscriber,Female,35,2019-09-01T01:49:32Z,2019-09-01T01:55:55Z,40.6751622,-73.9814832,40.666287,-73.98895053,3364,Carroll St & 5 Ave,11215,Downtown Heights Slope,3319,14 St & 5 Ave,11215,Downtown Heights Slope,47,50.8,7.44,47,50.8,7.44,Brooklyn,Brooklyn,1569,1221
32808,Customer,Unknown,50,2019-09-01T01:50:47Z,2019-09-01T01:56:42Z,40.6728155,-73.98352355,40.666287,-73.98895053,3368,5 Ave & 3 St,11209,Bensonhurst Bay Ridge,3319,14 St & 5 Ave,11215,Downtown Heights Slope,66,57,6.21,47,50.8,7.44,Brooklyn,Brooklyn,1711,1221
35156,Customer,Unknown,50,2019-09-01T01:53:52Z,2019-09-01T02:19:37Z,40.6686744,-73.9618148,40.71286844,-73.95698119,3587,Carroll St & Washington Ave,11225,East Flatbush Flatbush,471,Grand St & Havemeyer St,11211,Greenpoint,88,58.9,6.31,88,41.8,8.56,Brooklyn,Brooklyn,366,1438
38718,Customer,Female,24,2019-09-01T01:54:30Z,2019-09-01T02:01:16Z,40.70767788,-73.94016171,40.70877084,-73.95095259,3074,Montrose Ave & Bushwick Ave,11206,Williamsburg Bushwick,3077,Stagg St & Union Ave,11211,Greenpoint,100,61.8,7.5,88,41.8,8.56,Brooklyn,Brooklyn,1280,973
32404,Subscriber,Male,29,2019-09-01T01:57:11Z,2019-09-01T02:02:44Z,40.71766197083994,-73.94880026578903,40.71469,-73.95739,3727,Frost St & Meeker Ave,11211,Greenpoint,3085,Roebling St & N 4 St,11211,Greenpoint,88,41.8,8.56,88,41.8,8.56,Brooklyn,Brooklyn,525,1219
17084,Customer,Male,23,2019-09-01T01:59:54Z,2019-09-01T02:12:36Z,40.6845683,-73.95881081,40.69681963,-73.93756926,289,Monroe St & Classon Ave,11221,Williamsburg Bushwick,3064,Myrtle Ave & Lewis Ave,11206,Williamsburg Bushwick,96,61.8,7.5,100,61.8,7.5,Brooklyn,Brooklyn,974,1104
32609,Subscriber,Male,26,2019-09-01T02:01:23Z,2019-09-01T02:11:56Z,40.71247661,-73.94100005,40.700003,-73.92834,3083,Bushwick Ave & Powers St,11211,Greenpoint,3776,Central Ave & Starr Street,11237,Williamsburg Bushwick,88,41.8,8.56,98,61.8,7.5,Brooklyn,Brooklyn,739,519
35238,Subscriber,Male,30,2019-09-01T02:03:41Z,2019-09-01T02:10:20Z,40.672695,-73.954131,40.6740123,-73.9671457,3579,Sterling Pl & Bedford Ave,11233,Bedford Stuyvesant Crown Heights,3581,Underhill Ave & Lincoln Pl,11238,Bedford Stuyvesant Crown Heights,97,62.9,6.61,70,62.9,6.61,Brooklyn,Brooklyn,1004,927
31229,Subscriber,Male,36,2019-09-01T02:06:14Z,2019-09-01T02:16:05Z,40.6830456,-74.00348559,40.6864442,-73.98759104,3389,Carroll St & Columbia St,11231,Downtown Heights Slope,3410,Dean St & Hoyt St,11217,Downtown Heights Slope,84,50.8,7.44,74,50.8,7.44,Brooklyn,Brooklyn,1070,631
39695,Subscriber,Male,32,2019-09-01T02:07:52Z,2019-09-01T02:16:51Z,40.695065,-73.987167,40.68312489,-73.97895137,392,Jay St & Tech Pl,11201,Downtown Heights Slope,467,Dean St & 4 Ave,11213,Bedford Stuyvesant Crown Heights,64,50.8,7.44,97,62.9,6.61,Brooklyn,Brooklyn,2446,1863
34235,Subscriber,Female,48,2019-09-01T02:08:51Z,2019-09-01T02:14:24Z,40.72325,-73.94308,40.7169811,-73.94485918,3106,Driggs Ave & N Henry St,11211,Greenpoint,3094,Graham Ave & Withers St,11211,Greenpoint,88,41.8,8.56,88,41.8,8.56,Brooklyn,Brooklyn,1260,736
32899,Subscriber,Male,33,2019-09-01T02:15:25Z,2019-09-01T02:23:09Z,40.68753406,-73.97265183,40.69573398,-73.97129668,416,Cumberland St & Lafayette Ave,11238,Bedford Stuyvesant Crown Heights,421,Clermont Ave & Park Ave,11205,Downtown Heights Slope,70,62.9,6.61,97,50.8,7.44,Brooklyn,Brooklyn,1025,695
39726,Subscriber,Male,24,2019-09-01T02:22:03Z,2019-09-01T03:06:01Z,40.6663181,-73.9854617,40.6721683,-73.9609,3313,6 Ave & 12 St,11215,Downtown Heights Slope,3582,Lincoln Pl & Classon Ave,11238,Bedford Stuyvesant Crown Heights,47,50.8,7.44,70,62.9,6.61,Brooklyn,Brooklyn,661,379
39161,Subscriber,Male,25,2019-09-01T02:23:20Z,2019-09-01T02:28:23Z,40.71323,-73.93894,40.71167351,-73.95141312,3767,Powers St & Olive St,11211,Greenpoint,3082,Hope St & Union Ave,11211,Greenpoint,88,41.8,8.56,88,41.8,8.56,Brooklyn,Brooklyn,460,1126
14835,Customer,Male,34,2019-09-01T02:24:22Z,2019-09-01T02:32:17Z,40.71335226222875,-73.9491033554077,40.71044554,-73.96525063,3453,Devoe St & Lorimer St,11211,Greenpoint,389,Broadway & Berry St,11207,East New York,88,41.8,8.56,99,71.2,6.56,Brooklyn,Brooklyn,1282,1411
27308,Subscriber,Male,39,2019-09-01T02:25:17Z,2019-09-01T02:31:22Z,40.72179134,-73.9504154,40.73266,-73.95826,3102,Driggs Ave & Lorimer St,11211,Greenpoint,3116,Huron St & Franklin St,11222,Greenpoint,88,41.8,8.56,61,41.8,8.56,Brooklyn,Brooklyn,876,887
32968,Subscriber,Female,29,2019-09-01T02:28:52Z,2019-09-01T02:37:59Z,40.69237074,-73.93705428,40.69064807082943,-73.95746178925037,3058,Lewis Ave & Kosciuszko St,11221,Williamsburg Bushwick,3755,DeKalb Ave & Franklin Ave,11205,Downtown Heights Slope,96,61.8,7.5,97,50.8,7.44,Brooklyn,Brooklyn,644,818
27122,Subscriber,Male,39,2019-09-01T02:34:26Z,2019-09-01T02:50:16Z,40.69681963,-73.93756926,40.72557,-73.94434,3064,Myrtle Ave & Lewis Ave,11206,Williamsburg Bushwick,3108,Nassau Ave & Russell St,11222,Greenpoint,100,61.8,7.5,61,41.8,8.56,Brooklyn,Brooklyn,1146,1627
39533,Subscriber,Male,22,2019-09-01T02:36:08Z,2019-09-01T02:42:49Z,40.70255088,-73.98940236,40.7003,-73.991581,2000,Front St & Washington St,11201,Downtown Heights Slope,3790,Henry St & Middagh St,11201,Downtown Heights Slope,64,50.8,7.44,64,50.8,7.44,Brooklyn,Brooklyn,3380,858
39070,Subscriber,Male,20,2019-09-01T02:37:00Z,2019-09-01T02:42:59Z,40.69622937,-73.94371094,40.7031724,-73.940636,3061,Throop Ave & Myrtle Ave,11206,Williamsburg Bushwick,3068,Humboldt St & Varet St,11211,Greenpoint,100,61.8,7.5,88,41.8,8.56,Brooklyn,Brooklyn,327,423
33968,Subscriber,Male,36,2019-09-01T02:42:07Z,2019-09-01T02:50:46Z,40.6861758,-73.99645295,40.68312489,-73.97895137,3308,Kane St & Clinton St,11231,Downtown Heights Slope,467,Dean St & 4 Ave,11213,Bedford Stuyvesant Crown Heights,84,50.8,7.44,97,62.9,6.61,Brooklyn,Brooklyn,881,1863
30824,Subscriber,Female,29,2019-09-01T02:43:04Z,2019-09-01T03:12:06Z,40.73181401720966,-73.95995020866394,40.71907891179564,-73.94223690032959,3469,India St & West St,11222,Greenpoint,3430,Richardson St & N Henry St,11222,Greenpoint,61,41.8,8.56,61,41.8,8.56,Brooklyn,Brooklyn,916,791
32083,Subscriber,Female,47,2019-09-01T02:44:35Z,2019-09-01T02:49:46Z,40.6737236,-73.9631611,40.6765198,-73.9596082,3580,St Johns Pl & Washington Ave,11233,Bedford Stuyvesant Crown Heights,3562,Classon Ave & St Marks Ave,11238,Bedford Stuyvesant Crown Heights,97,62.9,6.61,70,62.9,6.61,Brooklyn,Brooklyn,778,901
34186,Customer,Unknown,50,2019-09-01T02:45:18Z,2019-09-01T02:58:47Z,40.71929301,-73.94500379,40.707165,-73.923711,3095,Graham Ave & Herbert St,11222,Greenpoint,3763,Wyckoff Av & Jefferson St,11385,Ridgewood Forest Hills,61,41.8,8.56,75,61.6,6.56,Queens,Brooklyn,498,799
38935,Subscriber,Female,32,2019-09-01T02:47:04Z,2019-09-01T03:25:43Z,40.72146256229816,-73.94800901412964,40.7774552,-73.9225403,3449,Eckford St & Engert Ave,11222,Greenpoint,3524,19 St & 24 Ave,11102,Long Island City Astoria,61,41.8,8.56,76,56.4,7.99,Queens,Brooklyn,434,9
34126,Customer,Unknown,41,2019-09-01T02:50:45Z,2019-09-01T03:10:16Z,40.6864442,-73.98759104,40.66514681533792,-73.97637605667114,3410,Dean St & Hoyt St,11217,Downtown Heights Slope,3300,Prospect Park West & 8 St,11215,Downtown Heights Slope,74,50.8,7.44,47,50.8,7.44,Brooklyn,Brooklyn,874,1114
38755,Subscriber,Female,34,2019-09-01T02:51:44Z,2019-09-01T03:07:46Z,40.68461653897949,-73.98721285164356,40.6741806,-73.9564947,3720,Wyckoff St & Bond St,11217,Downtown Heights Slope,3578,Park Pl & Franklin Ave,11216,Bedford Stuyvesant Crown Heights,74,50.8,7.44,83,62.9,6.61,Brooklyn,Brooklyn,311,838
16611,Customer,Unknown,50,2019-09-01T03:03:43Z,2019-09-01T03:26:59Z,40.67363551341504,-74.01195555925369,40.6783563,-74.00014502,3337,Dwight St & Van Dyke St,11231,Downtown Heights Slope,3396,Clinton St & 4 Place,11231,Downtown Heights Slope,84,50.8,7.44,84,50.8,7.44,Brooklyn,Brooklyn,244,923
15923,Subscriber,Female,36,2019-09-01T03:06:59Z,2019-09-01T03:22:43Z,40.7103685423523,-73.94705951213837,40.69573398,-73.97129668,3454,Leonard St & Maujer St,11206,Williamsburg Bushwick,421,Clermont Ave & Park Ave,11205,Downtown Heights Slope,100,61.8,7.5,97,50.8,7.44,Brooklyn,Brooklyn,786,695
31670,Subscriber,Male,26,2019-09-01T03:24:59Z,2019-09-01T03:47:15Z,40.705614,-73.92153,40.71413311,-73.95234386,3760,Willoughby Ave & Wyckoff Ave,11237,Williamsburg Bushwick,3087,Metropolitan Ave & Meeker Ave,11211,Greenpoint,98,61.8,7.5,88,41.8,8.56,Brooklyn,Brooklyn,598,1211
39108,Subscriber,Male,29,2019-09-01T03:26:36Z,2019-09-01T03:32:28Z,40.6776147,-73.97324283,40.6769694,-73.96579,3416,7 Ave & Park Pl,11233,Bedford Stuyvesant Crown Heights,3574,Prospect Pl & Underhill Ave,11238,Bedford Stuyvesant Crown Heights,97,62.9,6.61,70,62.9,6.61,Brooklyn,Brooklyn,1643,681
38683,Subscriber,Male,33,2019-09-01T03:30:09Z,2019-09-01T04:01:48Z,40.6773429,-74.01275056,40.6823687,-73.944118,3347,Van Brunt St & Wolcott St,11231,Downtown Heights Slope,3047,Halsey St & Tompkins Ave,11233,Bedford Stuyvesant Crown Heights,84,50.8,7.44,97,62.9,6.61,Brooklyn,Brooklyn,823,674
28939,Customer,Unknown,50,2019-09-01T03:38:24Z,2019-09-01T03:49:39Z,40.6686627,-73.97988067,40.6777287,-73.99364123,3297,6 St & 7 Ave,11215,Downtown Heights Slope,3381,3 St & Hoyt St,11231,Downtown Heights Slope,47,50.8,7.44,84,50.8,7.44,Brooklyn,Brooklyn,490,548
31428,Customer,Unknown,50,2019-09-01T03:39:28Z,2019-09-01T13:13:00Z,40.710681,-73.93372,40.73026,-73.95394,3757,Stagg St & Morgan Ave,11206,Williamsburg Bushwick,3113,Greenpoint Ave & Manhattan Ave,11222,Greenpoint,100,61.8,7.5,61,41.8,8.56,Brooklyn,Brooklyn,312,1253
38908,Subscriber,Female,24,2019-09-01T03:52:27Z,2019-09-01T04:03:42Z,40.70510918,-73.94407279,40.72708584,-73.95299117,3070,McKibbin St & Manhattan Ave,11206,Williamsburg Bushwick,3110,Meserole Ave & Manhattan Ave,11222,Greenpoint,100,61.8,7.5,61,41.8,8.56,Brooklyn,Brooklyn,605,1342
31015,Subscriber,Male,22,2019-09-01T04:09:24Z,2019-09-01T04:34:58Z,40.7239567849954,-73.94984364509583,40.70583339,-73.94644578,3668,Leonard St & Nassau Ave,11222,Greenpoint,3072,Leonard St & Boerum St,11222,Greenpoint,61,41.8,8.56,61,41.8,8.56,Brooklyn,Brooklyn,943,351
27005,Subscriber,Male,60,2019-09-01T04:15:48Z,2019-09-01T04:58:40Z,40.6763947,-73.99869893,40.6704836,-73.98208968,3397,Court St & Nelson St,11231,Downtown Heights Slope,3405,5 St & 6 Ave,11215,Downtown Heights Slope,84,50.8,7.44,47,50.8,7.44,Brooklyn,Brooklyn,831,443
28376,Subscriber,Male,26,2019-09-01T04:19:15Z,2019-09-01T04:26:27Z,40.705517,-73.93936,40.71167351,-73.95141312,3764,Bushwick Ave & McKibbin St,11206,Williamsburg Bushwick,3082,Hope St & Union Ave,11211,Greenpoint,100,61.8,7.5,88,41.8,8.56,Brooklyn,Brooklyn,313,1126
31327,Customer,Unknown,50,2019-09-01T04:24:49Z,2019-09-01T04:31:21Z,40.6746957,-73.99785768,40.6773429,-74.01275056,3398,Smith St & 9 St,11231,Downtown Heights Slope,3347,Van Brunt St & Wolcott St,11231,Downtown Heights Slope,84,50.8,7.44,84,50.8,7.44,Brooklyn,Brooklyn,1269,796
34016,Subscriber,Male,40,2019-09-01T04:48:24Z,2019-09-01T04:58:15Z,40.70539,-73.92976,40.715143,-73.944507,3773,Knickerbocker Ave & Thames St,11237,Williamsburg Bushwick,3086,Graham Ave & Conselyea St,11211,Greenpoint,98,61.8,7.5,88,41.8,8.56,Brooklyn,Brooklyn,545,1440
39832,Subscriber,Female,24,2019-09-01T05:12:00Z,2019-09-01T05:46:49Z,40.6894932,-73.942061,40.71286844,-73.95698119,3054,Greene Ave & Throop Ave,11221,Williamsburg Bushwick,471,Grand St & Havemeyer St,11211,Greenpoint,96,61.8,7.5,88,41.8,8.56,Brooklyn,Brooklyn,691,1438
38496,Subscriber,Male,20,2019-09-01T06:01:20Z,2019-09-01T06:09:24Z,40.6679411,-73.9588,40.6642406,-73.9574686,3590,Carroll St & Franklin Ave,11225,East Flatbush Flatbush,3596,Sullivan Pl & Bedford Ave,11225,East Flatbush Flatbush,88,58.9,6.31,88,58.9,6.31,Brooklyn,Brooklyn,270,193
26700,Subscriber,Male,27,2019-09-01T06:29:08Z,2019-09-01T06:39:32Z,40.6758324,-73.9561677,40.6867443,-73.99063168,3569,Franklin Ave & St Marks Ave,11213,Bedford Stuyvesant Crown Heights,3409,Bergen St & Smith St,11213,Bedford Stuyvesant Crown Heights,97,62.9,6.61,97,62.9,6.61,Brooklyn,Brooklyn,810,2611
30604,Subscriber,Male,28,2019-09-01T06:41:44Z,2019-09-01T06:54:39Z,40.6729679,-73.97087984,40.69580705,-73.97355569,3349,Grand Army Plaza & Plaza St West,11217,Downtown Heights Slope,419,Carlton Ave & Park Ave,11205,Downtown Heights Slope,74,50.8,7.44,97,50.8,7.44,Brooklyn,Brooklyn,2401,875
28216,Customer,Unknown,50,2019-09-01T06:44:46Z,2019-09-01T07:13:45Z,40.6900815,-73.947915,40.68676793,-73.95928168,3053,Marcy Ave & Lafayette Ave,11216,Bedford Stuyvesant Crown Heights,120,Lexington Ave & Classon Ave,11221,Williamsburg Bushwick,83,62.9,6.61,96,61.8,7.5,Brooklyn,Brooklyn,538,927
38257,Subscriber,Male,35,2019-09-01T07:01:03Z,2019-09-01T07:08:44Z,40.73266,-73.95826,40.71285887,-73.96590294,3116,Huron St & Franklin St,11222,Greenpoint,460,S 4 St & Wythe Ave,11211,Greenpoint,61,41.8,8.56,88,41.8,8.56,Brooklyn,Brooklyn,1143,2608
17862,Customer,Male,49,2019-09-01T07:07:29Z,2019-09-01T07:14:22Z,40.663779,-73.98396846,40.6751622,-73.9814832,3310,14 St & 7 Ave,11215,Downtown Heights Slope,3364,Carroll St & 5 Ave,11215,Downtown Heights Slope,47,50.8,7.44,47,50.8,7.44,Brooklyn,Brooklyn,902,1485
32553,Subscriber,Male,41,2019-09-01T07:09:08Z,2019-09-01T07:23:35Z,40.68650065,-73.96563307,40.6831164,-73.99785267,275,Washington Ave & Greene Ave,11221,Williamsburg Bushwick,3321,Clinton St & Union St,11231,Downtown Heights Slope,96,61.8,7.5,84,50.8,7.44,Brooklyn,Brooklyn,873,994
38099,Subscriber,Male,30,2019-09-01T07:10:05Z,2019-09-01T07:27:56Z,40.7031724,-73.940636,40.692418292578466,-73.98949474096298,3068,Humboldt St & Varet St,11211,Greenpoint,3440,Fulton St & Adams St,11207,East New York,88,41.8,8.56,99,71.2,6.56,Brooklyn,Brooklyn,585,2106
15433,Subscriber,Male,35,2019-09-01T07:15:09Z,2019-09-01T07:36:42Z,40.680944723477296,-73.97567331790923,40.72243797,-74.00566443,3414,Bergen St & Flatbush Ave,11217,Downtown Heights Slope,377,6 Ave & Canal St,10005,"Union Square, Lower Manhattan",74,50.8,7.44,50,40.5,8.67,Manhattan,Brooklyn,1503,366
39799,Subscriber,Male,40,2019-09-01T07:23:17Z,2019-09-01T07:28:35Z,40.6849668,-73.98620772,40.6831164,-73.99785267,3411,Bond St & Bergen St,11217,Downtown Heights Slope,3321,Clinton St & Union St,11231,Downtown Heights Slope,74,50.8,7.44,84,50.8,7.44,Brooklyn,Brooklyn,918,994
34960,Subscriber,Female,23,2019-09-01T07:24:18Z,2019-09-01T07:39:17Z,40.6630619,-73.9538746,40.6883337,-73.950916,3604,Rogers Ave & Sterling St,11225,East Flatbush Flatbush,3055,Greene Ave & Nostrand Ave,11216,Bedford Stuyvesant Crown Heights,88,58.9,6.31,83,62.9,6.61,Brooklyn,Brooklyn,553,694
27068,Subscriber,Male,27,2019-09-01T07:24:24Z,2019-09-01T07:31:08Z,40.69795031569544,-73.97077560424805,40.69363137,-73.96223558,3648,Flushing Ave & Vanderbilt Ave,11205,Downtown Heights Slope,354,Emerson Pl & Myrtle Ave,11205,Downtown Heights Slope,97,50.8,7.44,97,50.8,7.44,Brooklyn,Brooklyn,1349,1162
35193,Customer,Unknown,50,2019-09-01T07:26:03Z,2019-09-01T07:51:13Z,40.69991755,-73.98971773,40.70255065,-74.0127234,321,Cadman Plaza E & Red Cross Pl,11201,Downtown Heights Slope,534,Water - Whitehall Plaza,10004,"Union Square, Lower Manhattan",64,50.8,7.44,30,40.5,8.67,Manhattan,Brooklyn,1749,115
14793,Subscriber,Male,48,2019-09-01T07:27:13Z,2019-09-01T07:53:55Z,40.69539817,-73.94954908,40.6830456,-74.00348559,3062,Myrtle Ave & Marcy Ave,11237,Williamsburg Bushwick,3389,Carroll St & Columbia St,11231,Downtown Heights Slope,98,61.8,7.5,84,50.8,7.44,Brooklyn,Brooklyn,614,993
28901,Subscriber,Male,38,2019-09-01T07:29:03Z,2019-09-01T07:55:46Z,40.6794327,-74.00785041,40.6765198,-73.9596082,3393,Richards St & Delavan St,11231,Downtown Heights Slope,3562,Classon Ave & St Marks Ave,11238,Bedford Stuyvesant Crown Heights,84,50.8,7.44,70,62.9,6.61,Brooklyn,Brooklyn,191,901
29170,Subscriber,Female,32,2019-09-01T07:29:12Z,2019-09-01T07:38:29Z,40.665816,-73.956934,40.6794388,-73.9680438,3803,Bedford Ave & Montgomery St,11225,East Flatbush Flatbush,3558,Bergen St & Vanderbilt Ave,11213,Bedford Stuyvesant Crown Heights,88,58.9,6.31,97,62.9,6.61,Brooklyn,Brooklyn,265,1389
28978,Subscriber,Male,46,2019-09-01T07:31:03Z,2019-09-01T07:54:59Z,40.6703837,-73.97839676,40.668132,-73.97363831,3365,3 St & 7 Ave,11215,Downtown Heights Slope,3354,3 St & Prospect Park West,11215,Downtown Heights Slope,47,50.8,7.44,47,50.8,7.44,Brooklyn,Brooklyn,1131,1318
34036,Subscriber,Male,44,2019-09-01T07:40:53Z,2019-09-01T07:46:05Z,40.68851534,-73.9647628,40.68841,-73.979458,399,Lafayette Ave & St James Pl,11205,Downtown Heights Slope,243,Fulton St & Rockwell Pl,11207,East New York,97,50.8,7.44,99,71.2,6.56,Brooklyn,Brooklyn,1727,948
39745,Subscriber,Unknown,50,2019-09-01T07:41:39Z,2019-09-01T08:01:19Z,40.6627059,-73.9569115,40.68506807308177,-73.97790759801863,3601,Sterling St & Bedford Ave,11225,East Flatbush Flatbush,3429,Hanson Pl & Ashland Pl,11217,Downtown Heights Slope,88,58.9,6.31,74,50.8,7.44,Brooklyn,Brooklyn,494,2851
14833,Subscriber,Female,40,2019-09-01T07:44:52Z,2019-09-01T08:02:50Z,40.69580705,-73.97355569,40.6729679,-73.97087984,419,Carlton Ave & Park Ave,11205,Downtown Heights Slope,3349,Grand Army Plaza & Plaza St West,11217,Downtown Heights Slope,97,50.8,7.44,74,50.8,7.44,Brooklyn,Brooklyn,949,2424
35238,Subscriber,Male,49,2019-09-01T07:45:00Z,2019-09-01T07:53:32Z,40.6740123,-73.9671457,40.6750705,-73.98775226,3581,Underhill Ave & Lincoln Pl,11238,Bedford Stuyvesant Crown Heights,3373,3 St & 3 Ave,11215,Downtown Heights Slope,70,62.9,6.61,47,50.8,7.44,Brooklyn,Brooklyn,904,966
33117,Subscriber,Female,31,2019-09-01T07:45:56Z,2019-09-01T07:59:40Z,40.6809833854,-73.9500479759,40.6630619,-73.9538746,437,Macon St & Nostrand Ave,11233,Bedford Stuyvesant Crown Heights,3604,Rogers Ave & Sterling St,11225,East Flatbush Flatbush,97,62.9,6.61,88,58.9,6.31,Brooklyn,Brooklyn,1383,520
35001,Subscriber,Male,60,2019-09-01T07:49:23Z,2019-09-01T07:56:47Z,40.668603,-73.9904394,40.6703837,-73.97839676,3322,12 St & 4 Ave,11215,Downtown Heights Slope,3365,3 St & 7 Ave,11215,Downtown Heights Slope,47,50.8,7.44,47,50.8,7.44,Brooklyn,Brooklyn,264,1092
17384,Customer,Female,27,2019-09-01T07:59:47Z,2019-09-01T08:23:31Z,40.6741806,-73.9564947,40.6721683,-73.9609,3578,Park Pl & Franklin Ave,11216,Bedford Stuyvesant Crown Heights,3582,Lincoln Pl & Classon Ave,11238,Bedford Stuyvesant Crown Heights,83,62.9,6.61,70,62.9,6.61,Brooklyn,Brooklyn,833,379
39641,Customer,Male,32,2019-09-01T08:00:14Z,2019-09-01T08:06:19Z,40.6793307,-73.97519523,40.6729679,-73.97087984,3415,Prospect Pl & 6 Ave,11217,Downtown Heights Slope,3349,Grand Army Plaza & Plaza St West,11217,Downtown Heights Slope,74,50.8,7.44,74,50.8,7.44,Brooklyn,Brooklyn,797,2424
31445,Subscriber,Male,32,2019-09-01T08:00:45Z,2019-09-01T08:27:32Z,40.65708866668485,-74.00870203971863,40.688417427540834,-73.98451656103134,3478,2 Ave & 36 St - Citi Bike HQ at Industry City,11232,Sunset Park,3486,Schermerhorn St & Bond St,11201,Downtown Heights Slope,95,41.1,7.32,64,50.8,7.44,Brooklyn,Brooklyn,559,1679
26514,Subscriber,Male,40,2019-09-01T08:01:59Z,2019-09-01T08:27:29Z,40.71915571696044,-73.94885390996933,40.749156,-73.9916,3452,Bayard St & Leonard St,11211,Greenpoint,379,W 31 St & 7 Ave,10001,Chelsea Village,88,41.8,8.56,70,38.1,10.02,Manhattan,Brooklyn,666,52
38526,Subscriber,Male,37,2019-09-01T08:06:43Z,2019-09-01T08:22:55Z,40.6823687,-73.944118,40.6729679,-73.97087984,3047,Halsey St & Tompkins Ave,11233,Bedford Stuyvesant Crown Heights,3349,Grand Army Plaza & Plaza St West,11217,Downtown Heights Slope,97,62.9,6.61,74,50.8,7.44,Brooklyn,Brooklyn,713,2424
25076,Subscriber,Female,58,2019-09-01T08:10:07Z,2019-09-01T08:17:12Z,40.6711978,-73.97484126,40.67909799721684,-73.98765474557877,3358,Garfield Pl & 8 Ave,11215,Downtown Heights Slope,3407,Union St & Nevins St,11215,Downtown Heights Slope,47,50.8,7.44,47,50.8,7.44,Brooklyn,Brooklyn,735,690
38849,Subscriber,Male,46,2019-09-01T08:10:18Z,2019-09-01T08:17:26Z,40.697787,-73.973736,40.702461,-73.986842,242,Carlton Ave & Flushing Ave,11238,Bedford Stuyvesant Crown Heights,3804,Front St & Jay St,11201,Downtown Heights Slope,70,62.9,6.61,64,50.8,7.44,Brooklyn,Brooklyn,954,1339
30906,Subscriber,Female,28,2019-09-01T08:11:11Z,2019-09-01T08:45:22Z,40.668132,-73.97363831,40.6729679,-73.97087984,3354,3 St & Prospect Park West,11215,Downtown Heights Slope,3349,Grand Army Plaza & Plaza St West,11217,Downtown Heights Slope,47,50.8,7.44,74,50.8,7.44,Brooklyn,Brooklyn,1694,2424
35238,Subscriber,Male,49,2019-09-01T08:13:27Z,2019-09-01T08:27:37Z,40.6750705,-73.98775226,40.6737236,-73.9631611,3373,3 St & 3 Ave,11215,Downtown Heights Slope,3580,St Johns Pl & Washington Ave,11233,Bedford Stuyvesant Crown Heights,47,50.8,7.44,97,62.9,6.61,Brooklyn,Brooklyn,1159,802
39198,Subscriber,Female,39,2019-09-01T08:14:38Z,2019-09-01T08:32:00Z,40.6847514,-73.99917254,40.6847514,-73.99917254,3315,Henry St & Degraw St,11231,Downtown Heights Slope,3315,Henry St & Degraw St,11231,Downtown Heights Slope,84,50.8,7.44,84,50.8,7.44,Brooklyn,Brooklyn,1081,973
30595,Customer,Unknown,50,2019-09-01T08:14:54Z,2019-09-01T08:31:16Z,40.68962188790333,-73.98304268717766,40.6758329439129,-74.01472628116608,3232,Bond St & Fulton St,11201,Downtown Heights Slope,3676,Van Brunt St & Van Dyke St,11231,Downtown Heights Slope,64,50.8,7.44,84,50.8,7.44,Brooklyn,Brooklyn,2427,1306
19039,Subscriber,Male,30,2019-09-01T08:21:17Z,2019-09-01T08:31:36Z,40.666439306870814,-73.9605563879013,40.6792788,-73.98154004,3661,Montgomery St & Franklin Ave,11225,East Flatbush Flatbush,3419,Douglass St & 4 Ave,11217,Downtown Heights Slope,88,58.9,6.31,74,50.8,7.44,Brooklyn,Brooklyn,251,943
32303,Subscriber,Female,49,2019-09-01T08:25:17Z,2019-09-01T08:32:03Z,40.68415748,-73.96922273,40.6729679,-73.97087984,397,Fulton St & Clermont Ave,11207,East New York,3349,Grand Army Plaza & Plaza St West,11217,Downtown Heights Slope,99,71.2,6.56,74,50.8,7.44,Brooklyn,Brooklyn,638,2424
35002,Subscriber,Female,32,2019-09-01T08:26:01Z,2019-09-01T08:52:30Z,40.6814598,-73.934903,40.6729679,-73.97087984,3043,Lewis Ave & Decatur St,11233,Bedford Stuyvesant Crown Heights,3349,Grand Army Plaza & Plaza St West,11217,Downtown Heights Slope,97,62.9,6.61,74,50.8,7.44,Brooklyn,Brooklyn,520,2424
39591,Subscriber,Male,44,2019-09-01T08:30:04Z,2019-09-01T08:38:41Z,40.695317277669034,-73.99015724658966,40.69327018,-73.97703874,3723,Cadman Plaza E & Johnson St,11201,Downtown Heights Slope,245,Myrtle Ave & St Edwards St,11237,Williamsburg Bushwick,64,50.8,7.44,98,61.8,7.5,Brooklyn,Brooklyn,942,553
38643,Subscriber,Male,44,2019-09-01T08:32:43Z,2019-09-01T08:42:18Z,40.6881529,-73.99520919,40.70255088,-73.98940236,3408,Congress St & Clinton St,11201,Downtown Heights Slope,2000,Front St & Washington St,11201,Downtown Heights Slope,64,50.8,7.44,64,50.8,7.44,Brooklyn,Brooklyn,1238,2227
32518,Subscriber,Male,39,2019-09-01T08:34:29Z,2019-09-01T08:42:19Z,40.71816969454208,-73.95520135760307,40.72606,-73.95621,3715,Driggs Ave & N 9 St,11211,Greenpoint,3109,Banker St & Meserole Ave,11222,Greenpoint,88,41.8,8.56,61,41.8,8.56,Brooklyn,Brooklyn,2232,604
39533,Subscriber,Female,54,2019-09-01T08:36:59Z,2019-09-01T08:49:50Z,40.7003,-73.991581,40.68763155,-74.0016256,3790,Henry St & Middagh St,11201,Downtown Heights Slope,3311,Columbia St & Kane St,11231,Downtown Heights Slope,64,50.8,7.44,84,50.8,7.44,Brooklyn,Brooklyn,1082,664
28468,Subscriber,Female,28,2019-09-01T08:37:30Z,2019-09-01T08:44:11Z,40.73564,-73.95866,40.72079821,-73.95484712,3117,Franklin St & Dupont St,11222,Greenpoint,3101,N 12 St & Bedford Ave,11211,Greenpoint,61,41.8,8.56,88,41.8,8.56,Brooklyn,Brooklyn,990,1337
17049,Customer,Male,34,2019-09-01T08:44:41Z,2019-09-01T08:53:51Z,40.69221589,-73.9842844,40.7003,-73.991581,390,Duffield St & Willoughby St,11201,Downtown Heights Slope,3790,Henry St & Middagh St,11201,Downtown Heights Slope,64,50.8,7.44,64,50.8,7.44,Brooklyn,Brooklyn,1661,858
39151,Subscriber,Male,28,2019-09-01T08:51:28Z,2019-09-01T08:58:06Z,40.6802133,-73.98432695,40.6793307,-73.97519523,3420,Douglass St & 3 Ave,11217,Downtown Heights Slope,3415,Prospect Pl & 6 Ave,11217,Downtown Heights Slope,74,50.8,7.44,74,50.8,7.44,Brooklyn,Brooklyn,1355,708
34081,Subscriber,Male,40,2019-09-01T08:55:17Z,2019-09-01T09:17:57Z,40.73026,-73.95394,40.74718234,-73.9432635,3113,Greenpoint Ave & Manhattan Ave,11222,Greenpoint,3126,44 Dr & Jackson Ave,11101,Long Island City Astoria,61,41.8,8.56,85,56.4,7.99,Queens,Brooklyn,1541,194
30870,Subscriber,Male,49,2019-09-01T08:55:42Z,2019-09-01T09:01:29Z,40.6853761,-73.98302136,40.692418292578466,-73.98949474096298,3412,Pacific St & Nevins St,11217,Downtown Heights Slope,3440,Fulton St & Adams St,11207,East New York,74,50.8,7.44,99,71.2,6.56,Brooklyn,Brooklyn,910,2106
35305,Subscriber,Male,52,2019-09-01T08:58:20Z,2019-09-01T09:03:25Z,40.67434,-74.00194698,40.6705135,-73.98876585,3326,Clinton St & Centre St,11231,Downtown Heights Slope,3403,4 Ave & 9 St,11215,Downtown Heights Slope,84,50.8,7.44,47,50.8,7.44,Brooklyn,Brooklyn,231,825
16296,Customer,Unknown,50,2019-09-01T08:59:00Z,2019-09-01T09:28:25Z,40.706237,-73.933871,40.6691783,-73.9554162,3771,McKibbin St & Bogart St,11206,Williamsburg Bushwick,3585,Union St & Bedford Ave,11225,East Flatbush Flatbush,100,61.8,7.5,88,58.9,6.31,Brooklyn,Brooklyn,727,347
19177,Subscriber,Male,48,2019-09-01T08:59:02Z,2019-09-01T09:05:57Z,40.681990442707026,-73.99079024791718,40.692418292578466,-73.98949474096298,3332,Degraw St & Hoyt St,11217,Downtown Heights Slope,3440,Fulton St & Adams St,11207,East New York,74,50.8,7.44,99,71.2,6.56,Brooklyn,Brooklyn,701,2106
38200,Subscriber,Male,39,2019-09-01T09:02:35Z,2019-09-01T09:46:01Z,40.6783563,-74.00014502,40.74286877312112,-73.98918628692627,3396,Clinton St & 4 Place,11231,Downtown Heights Slope,3641,Broadway & W 25 St,10010,Upper East Side Gramercy,84,50.8,7.44,50,36.5,8.98,Manhattan,Brooklyn,958,63
31310,Subscriber,Female,39,2019-09-01T09:05:08Z,2019-09-01T09:20:44Z,40.6859296,-74.00242364,40.6750705,-73.98775226,3422,Columbia St & Degraw St,11231,Downtown Heights Slope,3373,3 St & 3 Ave,11215,Downtown Heights Slope,84,50.8,7.44,47,50.8,7.44,Brooklyn,Brooklyn,936,966
39799,Subscriber,Female,48,2019-09-01T09:05:11Z,2019-09-01T09:12:37Z,40.6831164,-73.99785267,40.69991755,-73.98971773,3321,Clinton St & Union St,11231,Downtown Heights Slope,321,Cadman Plaza E & Red Cross Pl,11201,Downtown Heights Slope,84,50.8,7.44,64,50.8,7.44,Brooklyn,Brooklyn,1026,1321
30486,Customer,Unknown,50,2019-09-01T09:05:11Z,2019-09-01T10:49:52Z,40.68488,-73.96304,40.68488,-73.96304,3049,Cambridge Pl & Gates Ave,11238,Bedford Stuyvesant Crown Heights,3049,Cambridge Pl & Gates Ave,11238,Bedford Stuyvesant Crown Heights,70,62.9,6.61,70,62.9,6.61,Brooklyn,Brooklyn,817,800
30914,Subscriber,Male,39,2019-09-01T09:08:06Z,2019-09-01T09:20:08Z,40.686371,-73.99383324,40.6792788,-73.98154004,3298,Warren St & Court St,11201,Downtown Heights Slope,3419,Douglass St & 4 Ave,11217,Downtown Heights Slope,64,50.8,7.44,74,50.8,7.44,Brooklyn,Brooklyn,1074,943
18573,Subscriber,Female,27,2019-09-01T09:14:44Z,2019-09-01T09:21:21Z,40.6849894,-73.99440329,40.6792788,-73.98154004,3303,Butler St & Court St,11231,Downtown Heights Slope,3419,Douglass St & 4 Ave,11217,Downtown Heights Slope,84,50.8,7.44,74,50.8,7.44,Brooklyn,Brooklyn,870,943
32327,Subscriber,Female,36,2019-09-01T09:18:37Z,2019-09-01T09:33:02Z,40.68940747,-73.96885458,40.6728155,-73.98352355,258,DeKalb Ave & Vanderbilt Ave,11221,Williamsburg Bushwick,3368,5 Ave & 3 St,11209,Bensonhurst Bay Ridge,96,61.8,7.5,66,57,6.21,Brooklyn,Brooklyn,1184,1542
29923,Subscriber,Male,41,2019-09-01T09:21:09Z,2019-09-01T09:28:25Z,40.69165183,-73.9999786,40.6812117,-74.00860912,398,Atlantic Ave & Furman St,11201,Downtown Heights Slope,3392,Commerce St & Van Brunt St,11231,Downtown Heights Slope,64,50.8,7.44,84,50.8,7.44,Brooklyn,Brooklyn,2599,417
38544,Subscriber,Female,50,2019-09-01T09:24:08Z,2019-09-01T09:32:54Z,40.69196035,-73.96536851,40.68691865,-73.976682,244,Willoughby Ave & Hall St,11205,Downtown Heights Slope,274,Lafayette Ave & Fort Greene Pl,11221,Williamsburg Bushwick,97,50.8,7.44,96,61.8,7.5,Brooklyn,Brooklyn,1335,1852
27487,Subscriber,Male,37,2019-09-01T09:24:10Z,2019-09-01T09:32:00Z,40.68764484,-73.96968902,40.693261,-73.968896,420,Clermont Ave & Lafayette Ave,11205,Downtown Heights Slope,366,Clinton Ave & Myrtle Ave,11205,Downtown Heights Slope,97,50.8,7.44,97,50.8,7.44,Brooklyn,Brooklyn,693,1650
30149,Subscriber,Female,36,2019-09-01T09:27:20Z,2019-09-01T09:45:53Z,40.6662078,-73.98199886,40.6849668,-73.98620772,3306,10 St & 7 Ave,11215,Downtown Heights Slope,3411,Bond St & Bergen St,11217,Downtown Heights Slope,47,50.8,7.44,74,50.8,7.44,Brooklyn,Brooklyn,666,845
39368,Subscriber,Male,41,2019-09-01T09:27:33Z,2019-09-01T09:52:12Z,40.707174,-73.93581,40.702461,-73.986842,3769,White St & Johnson Ave,11206,Williamsburg Bushwick,3804,Front St & Jay St,11201,Downtown Heights Slope,100,61.8,7.5,64,50.8,7.44,Brooklyn,Brooklyn,197,1339
25979,Customer,Male,31,2019-09-01T09:33:07Z,2019-09-01T09:45:36Z,40.69128258,-73.9452416,40.71285887,-73.96590294,3057,Kosciuszko St & Tompkins Ave,11221,Williamsburg Bushwick,460,S 4 St & Wythe Ave,11211,Greenpoint,96,61.8,7.5,88,41.8,8.56,Brooklyn,Brooklyn,729,2608
28673,Subscriber,Female,32,2019-09-01T09:33:10Z,2019-09-01T09:46:02Z,40.6812117,-74.00860912,40.69991755,-73.98971773,3392,Commerce St & Van Brunt St,11231,Downtown Heights Slope,321,Cadman Plaza E & Red Cross Pl,11201,Downtown Heights Slope,84,50.8,7.44,64,50.8,7.44,Brooklyn,Brooklyn,411,1321
39181,Customer,Male,37,2019-09-01T09:33:20Z,2019-09-01T09:54:48Z,40.6794268,-73.9298911,40.6851443,-73.95380904,3042,Fulton St & Utica Ave,11207,East New York,344,Monroe St & Bedford Ave,11216,Bedford Stuyvesant Crown Heights,99,71.2,6.56,83,62.9,6.61,Brooklyn,Brooklyn,867,967
39870,Subscriber,Male,32,2019-09-01T09:34:10Z,2019-09-01T09:46:51Z,40.68402,-73.94977,40.68506807308177,-73.97790759801863,3048,Putnam Ave & Nostrand Ave,11216,Bedford Stuyvesant Crown Heights,3429,Hanson Pl & Ashland Pl,11217,Downtown Heights Slope,83,62.9,6.61,74,50.8,7.44,Brooklyn,Brooklyn,424,2851
33847,Subscriber,Male,31,2019-09-01T09:35:25Z,2019-09-01T09:41:03Z,40.6828003,-73.99990419,40.6867443,-73.99063168,3388,President St & Henry St,11231,Downtown Heights Slope,3409,Bergen St & Smith St,11213,Bedford Stuyvesant Crown Heights,84,50.8,7.44,97,62.9,6.61,Brooklyn,Brooklyn,721,2611
28226,Subscriber,Male,30,2019-09-01T09:42:41Z,2019-09-01T09:59:21Z,40.69535693320225,-73.99344027042389,40.69535693320225,-73.99344027042389,3728,Pierrepont St & Monroe Pl,11201,Downtown Heights Slope,3728,Pierrepont St & Monroe Pl,11201,Downtown Heights Slope,64,50.8,7.44,64,50.8,7.44,Brooklyn,Brooklyn,793,688
30595,Subscriber,Male,67,2019-09-01T09:51:25Z,2019-09-01T10:13:16Z,40.6758329439129,-74.01472628116608,40.69512845,-73.99595065,3676,Van Brunt St & Van Dyke St,11231,Downtown Heights Slope,406,Hicks St & Montague St,11201,Downtown Heights Slope,84,50.8,7.44,64,50.8,7.44,Brooklyn,Brooklyn,1020,1426
38926,Subscriber,Male,16,2019-09-01T09:51:35Z,2019-09-01T10:36:32Z,40.6753274,-74.0100698,40.679043,-74.011169,3340,Wolcott St & Dwight St,11231,Downtown Heights Slope,3344,Pioneer St & Van Brunt St,11231,Downtown Heights Slope,84,50.8,7.44,84,50.8,7.44,Brooklyn,Brooklyn,259,650
30669,Subscriber,Male,33,2019-09-01T09:52:47Z,2019-09-01T09:59:47Z,40.668127,-73.98377641,40.6711978,-73.97484126,3304,6 Ave & 9 St,11215,Downtown Heights Slope,3358,Garfield Pl & 8 Ave,11215,Downtown Heights Slope,47,50.8,7.44,47,50.8,7.44,Brooklyn,Brooklyn,894,808
39450,Subscriber,Female,28,2019-09-01T09:55:57Z,2019-09-01T10:09:58Z,40.6686273,-73.98700053,40.676368,-73.952918,3317,10 St & 5 Ave,11215,Downtown Heights Slope,3571,Bedford Ave & Bergen St,11226,East Flatbush Flatbush,47,50.8,7.44,88,58.9,6.31,Brooklyn,Brooklyn,644,1133
15479,Customer,Male,26,2019-09-01T09:56:13Z,2019-09-01T10:15:01Z,40.713811,-73.93515,40.73232194,-73.9550858,3772,Devoe St & Morgan Ave,11211,Greenpoint,3115,India St & Manhattan Ave,11222,Greenpoint,88,41.8,8.56,61,41.8,8.56,Brooklyn,Brooklyn,330,751
33426,Subscriber,Female,30,2019-09-01T10:15:11Z,2019-09-01T10:24:17Z,40.677027,-73.9865,40.68691865,-73.976682,3762,3 Ave & Carroll St,11215,Downtown Heights Slope,274,Lafayette Ave & Fort Greene Pl,11221,Williamsburg Bushwick,47,50.8,7.44,96,61.8,7.5,Brooklyn,Brooklyn,549,1852
32257,Customer,Male,28,2019-09-01T10:18:29Z,2019-09-01T10:23:49Z,40.682601,-73.938037,40.6809833854,-73.9500479759,3046,Marcus Garvey Blvd & Macon St,11216,Bedford Stuyvesant Crown Heights,437,Macon St & Nostrand Ave,11233,Bedford Stuyvesant Crown Heights,83,62.9,6.61,97,62.9,6.61,Brooklyn,Brooklyn,665,1121
38496,Subscriber,Male,20,2019-09-01T10:30:40Z,2019-09-01T10:44:19Z,40.6642406,-73.9574686,40.68382604,-73.97632328,3596,Sullivan Pl & Bedford Ave,11225,East Flatbush Flatbush,83,Atlantic Ave & Fort Greene Pl,11208,East New York,88,58.9,6.31,97,71.2,6.56,Brooklyn,Brooklyn,183,1572
28470,Customer,Unknown,50,2019-09-01T10:43:26Z,2019-09-01T10:49:34Z,40.6800105,-73.938475,40.6894932,-73.942061,3044,Albany Ave & Fulton St,11216,Bedford Stuyvesant Crown Heights,3054,Greene Ave & Throop Ave,11221,Williamsburg Bushwick,83,62.9,6.61,96,61.8,7.5,Brooklyn,Brooklyn,261,655
15906,Subscriber,Male,51,2019-09-01T10:43:52Z,2019-09-01T11:06:40Z,40.6725058,-74.00494695,40.681990442707026,-73.99079024791718,3330,Henry St & Bay St,11231,Downtown Heights Slope,3332,Degraw St & Hoyt St,11217,Downtown Heights Slope,84,50.8,7.44,74,50.8,7.44,Brooklyn,Brooklyn,238,586
21160,Subscriber,Female,39,2019-09-01T10:57:50Z,2019-09-01T11:03:48Z,40.6763744,-74.00324957,40.677236,-74.015665,3395,Henry St & W 9 St,11231,Downtown Heights Slope,3348,Coffey St & Conover St,11231,Downtown Heights Slope,84,50.8,7.44,84,50.8,7.44,Brooklyn,Brooklyn,219,646
27778,Subscriber,Female,52,2019-09-01T11:03:54Z,2019-09-01T11:40:52Z,40.67267243410948,-74.0087952464819,40.6725058,-74.00494695,3352,Sigourney St & Columbia St,11231,Downtown Heights Slope,3330,Henry St & Bay St,11231,Downtown Heights Slope,84,50.8,7.44,84,50.8,7.44,Brooklyn,Brooklyn,477,253
18889,Subscriber,Male,48,2019-09-01T11:10:08Z,2019-09-01T11:15:44Z,40.69610226,-73.96751037,40.68851534,-73.9647628,313,Washington Ave & Park Ave,11205,Downtown Heights Slope,399,Lafayette Ave & St James Pl,11205,Downtown Heights Slope,97,50.8,7.44,97,50.8,7.44,Brooklyn,Brooklyn,1450,1501
38210,Customer,Male,30,2019-09-01T11:15:52Z,2019-09-01T11:27:03Z,40.6704836,-73.98208968,40.6853761,-73.98302136,3405,5 St & 6 Ave,11215,Downtown Heights Slope,3412,Pacific St & Nevins St,11217,Downtown Heights Slope,47,50.8,7.44,74,50.8,7.44,Brooklyn,Brooklyn,503,781
39428,Subscriber,Unknown,50,2019-09-01T11:18:05Z,2019-09-01T11:28:35Z,40.704508,-73.9351,40.705614,-73.92153,3756,White St & Moore St,11206,Williamsburg Bushwick,3760,Willoughby Ave & Wyckoff Ave,11237,Williamsburg Bushwick,100,61.8,7.5,98,61.8,7.5,Brooklyn,Brooklyn,600,456
32346,Subscriber,Male,63,2019-09-01T11:18:49Z,2019-09-01T11:52:55Z,40.65539977447831,-74.01062786579132,40.7158155,-73.99422366,3477,39 St & 2 Ave - Citi Bike HQ at Industry City,11232,Sunset Park,412,Forsyth St & Canal St,10002,"Union Square, Lower Manhattan",95,41.1,7.32,97,40.5,8.67,Manhattan,Brooklyn,327,997
30651,Subscriber,Male,37,2019-09-01T11:23:31Z,2019-09-01T11:36:15Z,40.704425,-73.92836,40.71285887,-73.96590294,3774,Knickerbocker Ave & George St,11237,Williamsburg Bushwick,460,S 4 St & Wythe Ave,11211,Greenpoint,98,61.8,7.5,88,41.8,8.56,Brooklyn,Brooklyn,473,2608
35114,Customer,Unknown,50,2019-09-01T12:00:32Z,2019-09-01T12:06:11Z,40.70029511,-73.95032283,40.71413311,-73.95234386,3065,Union Ave & Wallabout St,11211,Greenpoint,3087,Metropolitan Ave & Meeker Ave,11211,Greenpoint,88,41.8,8.56,88,41.8,8.56,Brooklyn,Brooklyn,495,1211
38418,Subscriber,Female,33,2019-09-01T12:38:29Z,2019-09-01T12:43:45Z,40.68312489,-73.97895137,40.6728155,-73.98352355,467,Dean St & 4 Ave,11213,Bedford Stuyvesant Crown Heights,3368,5 Ave & 3 St,11209,Bensonhurst Bay Ridge,97,62.9,6.61,66,57,6.21,Brooklyn,Brooklyn,2231,1542
32591,Subscriber,Female,50,2019-09-01T13:07:21Z,2019-09-01T13:22:30Z,40.6705135,-73.98876585,40.68926942,-73.98912867,3403,4 Ave & 9 St,11215,Downtown Heights Slope,310,State St & Smith St,11208,East New York,47,50.8,7.44,97,71.2,6.56,Brooklyn,Brooklyn,900,1268
38715,Subscriber,Male,16,2019-09-01T18:28:41Z,2019-09-01T18:49:37Z,40.6777748,-74.0094613,40.6777748,-74.0094613,3342,Pioneer St & Richards St,11231,Downtown Heights Slope,3342,Pioneer St & Richards St,11231,Downtown Heights Slope,84,50.8,7.44,84,50.8,7.44,Brooklyn,Brooklyn,354,407
29140,Subscriber,Male,38,2019-09-03T13:25:30Z,2019-09-03T14:02:23Z,40.66314,-73.9605695,40.66314,-73.9605695,3599,Franklin Ave & Empire Blvd,11225,East Flatbush Flatbush,3599,Franklin Ave & Empire Blvd,11225,East Flatbush Flatbush,88,58.9,6.31,88,58.9,6.31,Brooklyn,Brooklyn,1495,1434
28234,Subscriber,Male,48,2019-09-04T07:26:02Z,2019-09-04T07:38:21Z,40.6610633719006,-73.97945255041122,40.68312489,-73.97895137,3423,West Drive & Prospect Park West,11215,Downtown Heights Slope,467,Dean St & 4 Ave,11213,Bedford Stuyvesant Crown Heights,47,50.8,7.44,97,62.9,6.61,Brooklyn,Brooklyn,3217,1863
29774,Subscriber,Female,38,2019-09-04T10:11:50Z,2019-09-04T10:26:59Z,40.6716493,-73.9631145,40.6662078,-73.98199886,3583,Eastern Pkwy & Washington Ave,11238,Bedford Stuyvesant Crown Heights,3306,10 St & 7 Ave,11215,Downtown Heights Slope,70,62.9,6.61,47,50.8,7.44,Brooklyn,Brooklyn,624,659
19202,Subscriber,Female,28,2019-09-04T13:52:02Z,2019-09-04T14:06:18Z,40.6707767,-73.9576801,40.6610633719006,-73.97945255041122,3584,Eastern Pkwy & Franklin Ave,11225,East Flatbush Flatbush,3423,West Drive & Prospect Park West,11215,Downtown Heights Slope,88,58.9,6.31,47,50.8,7.44,Brooklyn,Brooklyn,932,3225
38886,Subscriber,Male,62,2019-09-19T16:54:11Z,2019-09-19T16:59:31Z,40.6740886,-73.9787282,40.668132,-73.97363831,3361,Carroll St & 6 Ave,11215,Downtown Heights Slope,3354,3 St & Prospect Park West,11215,Downtown Heights Slope,47,50.8,7.44,47,50.8,7.44,Brooklyn,Brooklyn,308,1318
29963,Subscriber,Male,63,2019-09-24T08:52:41Z,2019-09-24T09:44:10Z,40.69502,-73.92825,40.751581,-73.97791,3842,Bushwick Ave & Dekalb Ave,11207,East New York,517,Pershing Square South,10037,Central Harlem Morningside Heights,99,71.2,6.56,97,68.7,7,Manhattan,Brooklyn,140,98
32069,Subscriber,Male,40,2019-09-24T11:47:52Z,2019-09-24T11:55:31Z,40.70076,-73.93641,40.702831,-73.9333,3822,Bushwick Ave & Forrest St,11206,Williamsburg Bushwick,3770,Central Ave & Flushing Ave,11206,Williamsburg Bushwick,100,61.8,7.5,100,61.8,7.5,Brooklyn,Brooklyn,29,467
32069,Subscriber,Male,27,2019-09-24T15:14:57Z,2019-09-24T15:30:43Z,40.70106,-73.93318,40.69064807082943,-73.95746178925037,3821,Evergreen Ave & Noll St,11206,Williamsburg Bushwick,3755,DeKalb Ave & Franklin Ave,11205,Downtown Heights Slope,100,61.8,7.5,97,50.8,7.44,Brooklyn,Brooklyn,44,818
40078,Subscriber,Male,27,2019-09-24T20:34:58Z,2019-09-24T20:44:29Z,40.70099,-73.93921,40.715353,-73.93856,3823,Beaver St & Fayette St,11206,Williamsburg Bushwick,3766,Sharon St & Olive St,11211,Greenpoint,100,61.8,7.5,88,41.8,8.56,Brooklyn,Brooklyn,91,589
15572,Customer,Male,29,2019-09-25T14:48:45Z,2019-09-25T15:02:37Z,40.73124,-73.95161,40.715143,-73.944507,3858,Kent St & McGuinness Blvd,11222,Greenpoint,3086,Graham Ave & Conselyea St,11211,Greenpoint,61,41.8,8.56,88,41.8,8.56,Brooklyn,Brooklyn,26,1440
38137,Customer,Unknown,50,2019-09-26T05:24:32Z,2019-09-26T09:12:40Z,40.69757,-73.93098,40.69757,-73.93098,3820,Willoughby Ave & Myrtle Ave,11221,Williamsburg Bushwick,3820,Willoughby Ave & Myrtle Ave,11221,Williamsburg Bushwick,96,61.8,7.5,96,61.8,7.5,Brooklyn,Brooklyn,83,78
29763,Customer,Female,30,2019-09-26T12:03:23Z,2019-09-26T12:23:03Z,40.72984,-73.94839,40.715143,-73.944507,3818,Calyer St & Jewel St,11222,Greenpoint,3086,Graham Ave & Conselyea St,11211,Greenpoint,61,41.8,8.56,88,41.8,8.56,Brooklyn,Brooklyn,25,1440
38180,Subscriber,Male,45,2019-09-26T14:30:15Z,2019-09-26T14:39:53Z,40.71773,-73.94051,40.711863,-73.944024,3817,Withers St & Kingsland Ave,11211,Greenpoint,3081,Graham Ave & Grand St,11211,Greenpoint,88,41.8,8.56,88,41.8,8.56,Brooklyn,Brooklyn,49,1048
38110,Subscriber,Unknown,50,2019-09-26T15:24:26Z,2019-09-26T15:39:48Z,40.70686,-73.92851,40.71285887,-73.96590294,3853,Harrison Pl & Porter Ave,11237,Williamsburg Bushwick,460,S 4 St & Wythe Ave,11211,Greenpoint,98,61.8,7.5,88,41.8,8.56,Brooklyn,Brooklyn,30,2608
30760,Subscriber,Female,49,2019-09-26T19:34:48Z,2019-09-26T19:40:07Z,40.73396,-73.95204,40.73181401720966,-73.95995020866394,3819,Green St & McGuinness Blvd,11222,Greenpoint,3469,India St & West St,11222,Greenpoint,61,41.8,8.56,61,41.8,8.56,Brooklyn,Brooklyn,22,670
32410,Customer,Male,30,2019-09-27T08:23:22Z,2019-09-27T08:37:22Z,40.716657,-73.93637,40.69502,-73.92825,3854,Morgan Ave & Maspeth Ave,11222,Greenpoint,3842,Bushwick Ave & Dekalb Ave,11207,East New York,61,41.8,8.56,99,71.2,6.56,Brooklyn,Brooklyn,19,149
40079,Subscriber,Male,32,2019-09-27T18:44:34Z,2019-09-27T19:26:04Z,40.71429,-73.93323,40.7557327,-73.9236611,3816,Metropolitan Ave & Vandervoort Ave,11211,Greenpoint,3570,35 Ave & 37 St,11101,Long Island City Astoria,88,41.8,8.56,85,56.4,7.99,Queens,Brooklyn,19,47
