unique_id,indicator_id,name,measure,measure_info,geo_type_name,geo_join_id,geo_place_name,time_period,start_date,data_value,year,zip
643475,375,Nitrogen dioxide (NO2),Mean,ppb,UHF34,207,East Flatbush - Flatbush,Summer 2019,2019-06-01,12.75,2019,11203
667370,375,Nitrogen dioxide (NO2),Mean,ppb,UHF34,207,East Flatbush - Flatbush,Winter 2019-20,2019-12-01,26.13,2019,11203
649819,365,Fine particles (PM 2.5),Mean,mcg/m3,UHF34,207,East Flatbush - Flatbush,Annual Average 2019,2019-01-01,6.31,2019,11203
649858,365,Fine particles (PM 2.5),Mean,mcg/m3,UHF34,407,Southwest Queens,Annual Average 2019,2019-01-01,6.19,2019,11414
669642,365,Fine particles (PM 2.5),Mean,mcg/m3,UHF34,407,Southwest Queens,Winter 2019-20,2019-12-01,7.4,2019,11414
649886,365,Fine particles (PM 2.5),Mean,mcg/m3,UHF34,503504,Southern SI,Summer 2019,2019-06-01,7.31,2019,10314
669615,365,Fine particles (PM 2.5),Mean,mcg/m3,UHF34,503504,Southern SI,Winter 2019-20,2019-12-01,6.38,2019,10314
643459,375,Nitrogen dioxide (NO2),Mean,ppb,UHF34,202,Downtown - Heights - Slope,Annual Average 2019,2019-01-01,19.98,2019,11201
643531,375,Nitrogen dioxide (NO2),Mean,ppb,UHF34,309310,Union Square-Lower Manhattan,Annual Average 2019,2019-01-01,22.39,2019,10002
643481,375,Nitrogen dioxide (NO2),Mean,ppb,UHF34,209,Bensonhurst - Bay Ridge,Summer 2019,2019-06-01,13,2019,11209
643487,375,Nitrogen dioxide (NO2),Mean,ppb,UHF34,211,Williamsburg - Bushwick,Summer 2019,2019-06-01,16.66,2019,11206
667496,375,Nitrogen dioxide (NO2),Mean,ppb,UHF34,501502,Northern SI,Winter 2019-20,2019-12-01,21,2019,10302
643522,375,Nitrogen dioxide (NO2),Mean,ppb,UHF34,410,Rockaways,Annual Average 2019,2019-01-01,10.04,2019,11691
650996,386,Ozone (O3),Mean,ppb,UHF34,503504,Southern SI,Summer 2019,2019-06-01,29.64,2019,10314
643444,375,Nitrogen dioxide (NO2),Mean,ppb,UHF34,101,Kingsbridge - Riverdale,Annual Average 2019,2019-01-01,13.5,2019,10463
643447,375,Nitrogen dioxide (NO2),Mean,ppb,UHF34,102,Northeast Bronx,Annual Average 2019,2019-01-01,14.67,2019,10466
643492,375,Nitrogen dioxide (NO2),Mean,ppb,UHF34,302,Central Harlem - Morningside Heights,Annual Average 2019,2019-01-01,19.7,2019,10026
667334,375,Nitrogen dioxide (NO2),Mean,ppb,UHF34,201,Greenpoint,Winter 2019-20,2019-12-01,29.27,2019,11211
667340,375,Nitrogen dioxide (NO2),Mean,ppb,UHF34,202,Downtown - Heights - Slope,Winter 2019-20,2019-12-01,28.64,2019,11201
667310,375,Nitrogen dioxide (NO2),Mean,ppb,UHF34,101,Kingsbridge - Riverdale,Winter 2019-20,2019-12-01,21.27,2019,10463
643501,375,Nitrogen dioxide (NO2),Mean,ppb,UHF34,401,Long Island City - Astoria,Annual Average 2019,2019-01-01,20.24,2019,11101
643543,375,Nitrogen dioxide (NO2),Mean,ppb,UHF34,105106107,South Bronx,Annual Average 2019,2019-01-01,18.42,2019,10453
669675,365,Fine particles (PM 2.5),Mean,mcg/m3,UHF34,209,Bensonhurst - Bay Ridge,Winter 2019-20,2019-12-01,7.56,2019,11209
649826,365,Fine particles (PM 2.5),Mean,mcg/m3,UHF34,209,Bensonhurst - Bay Ridge,Summer 2019,2019-06-01,7.79,2019,11209
649883,365,Fine particles (PM 2.5),Mean,mcg/m3,UHF34,501502,Northern SI,Summer 2019,2019-06-01,7.56,2019,10302
669618,365,Fine particles (PM 2.5),Mean,mcg/m3,UHF34,501502,Northern SI,Winter 2019-20,2019-12-01,7.31,2019,10302
649789,365,Fine particles (PM 2.5),Mean,mcg/m3,UHF34,101,Kingsbridge - Riverdale,Annual Average 2019,2019-01-01,6.71,2019,10463
669624,365,Fine particles (PM 2.5),Mean,mcg/m3,UHF34,309310,Union Square-Lower Manhattan,Winter 2019-20,2019-12-01,10.18,2019,10002
649877,365,Fine particles (PM 2.5),Mean,mcg/m3,UHF34,309310,Union Square-Lower Manhattan,Summer 2019,2019-06-01,9.91,2019,10002
669699,365,Fine particles (PM 2.5),Mean,mcg/m3,UHF34,201,Greenpoint,Winter 2019-20,2019-12-01,8.59,2019,11211
649805,365,Fine particles (PM 2.5),Mean,mcg/m3,UHF34,202,Downtown - Heights - Slope,Summer 2019,2019-06-01,8.9,2019,11201
649856,365,Fine particles (PM 2.5),Mean,mcg/m3,UHF34,405,Ridgewood - Forest Hills,Summer 2019,2019-06-01,7.91,2019,11374
649847,365,Fine particles (PM 2.5),Mean,mcg/m3,UHF34,401,Long Island City - Astoria,Summer 2019,2019-06-01,9.28,2019,11101
669612,365,Fine particles (PM 2.5),Mean,mcg/m3,UHF34,105106107,South Bronx,Winter 2019-20,2019-12-01,7.28,2019,10453
649889,365,Fine particles (PM 2.5),Mean,mcg/m3,UHF34,105106107,South Bronx,Summer 2019,2019-06-01,8.45,2019,10453
649862,365,Fine particles (PM 2.5),Mean,mcg/m3,UHF34,408,Jamaica,Summer 2019,2019-06-01,7.48,2019,11412
669639,365,Fine particles (PM 2.5),Mean,mcg/m3,UHF34,408,Jamaica,Winter 2019-20,2019-12-01,7.45,2019,11412
643502,375,Nitrogen dioxide (NO2),Mean,ppb,UHF34,401,Long Island City - Astoria,Summer 2019,2019-06-01,17.72,2019,11101
667508,375,Nitrogen dioxide (NO2),Mean,ppb,UHF34,105106107,South Bronx,Winter 2019-20,2019-12-01,25.27,2019,10453
649868,365,Fine particles (PM 2.5),Mean,mcg/m3,UHF34,410,Rockaways,Summer 2019,2019-06-01,7.02,2019,11691
669633,365,Fine particles (PM 2.5),Mean,mcg/m3,UHF34,410,Rockaways,Winter 2019-20,2019-12-01,6.12,2019,11691
650995,386,Ozone (O3),Mean,ppb,UHF34,501502,Northern SI,Summer 2019,2019-06-01,28.46,2019,10302
650993,386,Ozone (O3),Mean,ppb,UHF34,309310,Union Square-Lower Manhattan,Summer 2019,2019-06-01,25.41,2019,10002
669663,365,Fine particles (PM 2.5),Mean,mcg/m3,UHF34,302,Central Harlem - Morningside Heights,Winter 2019-20,2019-12-01,7.56,2019,10026
649838,365,Fine particles (PM 2.5),Mean,mcg/m3,UHF34,302,Central Harlem - Morningside Heights,Summer 2019,2019-06-01,8.19,2019,10026
669666,365,Fine particles (PM 2.5),Mean,mcg/m3,UHF34,301,Washington Heights,Winter 2019-20,2019-12-01,7.35,2019,10031
650968,386,Ozone (O3),Mean,ppb,UHF34,201,Greenpoint,Summer 2019,2019-06-01,27.77,2019,11211
650984,386,Ozone (O3),Mean,ppb,UHF34,402,West Queens,Summer 2019,2019-06-01,29.95,2019,11368
650979,386,Ozone (O3),Mean,ppb,UHF34,301,Washington Heights,Summer 2019,2019-06-01,27.73,2019,10031
650990,386,Ozone (O3),Mean,ppb,UHF34,410,Rockaways,Summer 2019,2019-06-01,37.44,2019,11691
643495,375,Nitrogen dioxide (NO2),Mean,ppb,UHF34,303,East Harlem,Annual Average 2019,2019-01-01,19.4,2019,10029
667346,375,Nitrogen dioxide (NO2),Mean,ppb,UHF34,203,Bedford Stuyvesant - Crown Heights,Winter 2019-20,2019-12-01,27.58,2019,11213
667436,375,Nitrogen dioxide (NO2),Mean,ppb,UHF34,403,Flushing - Clearview,Winter 2019-20,2019-12-01,22.92,2019,11354
650970,386,Ozone (O3),Mean,ppb,UHF34,203,Bedford Stuyvesant - Crown Heights,Summer 2019,2019-06-01,30.46,2019,11213
649795,365,Fine particles (PM 2.5),Mean,mcg/m3,UHF34,103,Fordham - Bronx Pk,Annual Average 2019,2019-01-01,6.7,2019,10458
649808,365,Fine particles (PM 2.5),Mean,mcg/m3,UHF34,203,Bedford Stuyvesant - Crown Heights,Summer 2019,2019-06-01,8.11,2019,11213
649853,365,Fine particles (PM 2.5),Mean,mcg/m3,UHF34,403,Flushing - Clearview,Summer 2019,2019-06-01,7.76,2019,11354
669627,365,Fine particles (PM 2.5),Mean,mcg/m3,UHF34,306308,Chelsea-Village,Winter 2019-20,2019-12-01,11.26,2019,10001
649874,365,Fine particles (PM 2.5),Mean,mcg/m3,UHF34,306308,Chelsea-Village,Summer 2019,2019-06-01,11.09,2019,10001
649871,365,Fine particles (PM 2.5),Mean,mcg/m3,UHF34,305307,Upper East Side-Gramercy,Summer 2019,2019-06-01,10.07,2019,10021
669630,365,Fine particles (PM 2.5),Mean,mcg/m3,UHF34,305307,Upper East Side-Gramercy,Winter 2019-20,2019-12-01,9.71,2019,10021
650992,386,Ozone (O3),Mean,ppb,UHF34,306308,Chelsea-Village,Summer 2019,2019-06-01,24.24,2019,10001
649865,365,Fine particles (PM 2.5),Mean,mcg/m3,UHF34,409,Southeast Queens,Summer 2019,2019-06-01,7.18,2019,11004
643532,375,Nitrogen dioxide (NO2),Mean,ppb,UHF34,309310,Union Square-Lower Manhattan,Summer 2019,2019-06-01,21.16,2019,10002
667484,375,Nitrogen dioxide (NO2),Mean,ppb,UHF34,309310,Union Square-Lower Manhattan,Winter 2019-20,2019-12-01,30.71,2019,10002
643544,375,Nitrogen dioxide (NO2),Mean,ppb,UHF34,105106107,South Bronx,Summer 2019,2019-06-01,15.15,2019,10453
643523,375,Nitrogen dioxide (NO2),Mean,ppb,UHF34,410,Rockaways,Summer 2019,2019-06-01,7.33,2019,11691
667466,375,Nitrogen dioxide (NO2),Mean,ppb,UHF34,410,Rockaways,Winter 2019-20,2019-12-01,17.57,2019,11691
667502,375,Nitrogen dioxide (NO2),Mean,ppb,UHF34,503504,Southern SI,Winter 2019-20,2019-12-01,16.54,2019,10314
667418,375,Nitrogen dioxide (NO2),Mean,ppb,UHF34,304,Upper West Side,Winter 2019-20,2019-12-01,28.11,2019,10023
643526,375,Nitrogen dioxide (NO2),Mean,ppb,UHF34,305307,Upper East Side-Gramercy,Summer 2019,2019-06-01,22.29,2019,10021
669648,365,Fine particles (PM 2.5),Mean,mcg/m3,UHF34,403,Flushing - Clearview,Winter 2019-20,2019-12-01,7.82,2019,11354
649880,365,Fine particles (PM 2.5),Mean,mcg/m3,UHF34,404406,Bayside Little Neck-Fresh Meadows,Summer 2019,2019-06-01,7.31,2019,11361
669621,365,Fine particles (PM 2.5),Mean,mcg/m3,UHF34,404406,Bayside Little Neck-Fresh Meadows,Winter 2019-20,2019-12-01,7.64,2019,11361
669636,365,Fine particles (PM 2.5),Mean,mcg/m3,UHF34,409,Southeast Queens,Winter 2019-20,2019-12-01,7.16,2019,11004
650989,386,Ozone (O3),Mean,ppb,UHF34,409,Southeast Queens,Summer 2019,2019-06-01,33.41,2019,11004
650994,386,Ozone (O3),Mean,ppb,UHF34,404406,Bayside Little Neck-Fresh Meadows,Summer 2019,2019-06-01,31.73,2019,11361
649859,365,Fine particles (PM 2.5),Mean,mcg/m3,UHF34,407,Southwest Queens,Summer 2019,2019-06-01,7.54,2019,11414
669645,365,Fine particles (PM 2.5),Mean,mcg/m3,UHF34,405,Ridgewood - Forest Hills,Winter 2019-20,2019-12-01,7.7,2019,11374
649850,365,Fine particles (PM 2.5),Mean,mcg/m3,UHF34,402,West Queens,Summer 2019,2019-06-01,8.61,2019,11368
669651,365,Fine particles (PM 2.5),Mean,mcg/m3,UHF34,402,West Queens,Winter 2019-20,2019-12-01,8.24,2019,11368
643538,375,Nitrogen dioxide (NO2),Mean,ppb,UHF34,501502,Northern SI,Summer 2019,2019-06-01,12.41,2019,10302
643541,375,Nitrogen dioxide (NO2),Mean,ppb,UHF34,503504,Southern SI,Summer 2019,2019-06-01,8.76,2019,10314
650986,386,Ozone (O3),Mean,ppb,UHF34,405,Ridgewood - Forest Hills,Summer 2019,2019-06-01,31.3,2019,11374
650980,386,Ozone (O3),Mean,ppb,UHF34,302,Central Harlem - Morningside Heights,Summer 2019,2019-06-01,27.07,2019,10026
667448,375,Nitrogen dioxide (NO2),Mean,ppb,UHF34,407,Southwest Queens,Winter 2019-20,2019-12-01,23.92,2019,11414
643514,375,Nitrogen dioxide (NO2),Mean,ppb,UHF34,407,Southwest Queens,Summer 2019,2019-06-01,11.69,2019,11414
650974,386,Ozone (O3),Mean,ppb,UHF34,207,East Flatbush - Flatbush,Summer 2019,2019-06-01,31.43,2019,11203
650987,386,Ozone (O3),Mean,ppb,UHF34,407,Southwest Queens,Summer 2019,2019-06-01,33.31,2019,11414
650997,386,Ozone (O3),Mean,ppb,UHF34,105106107,South Bronx,Summer 2019,2019-06-01,29.16,2019,10453
650983,386,Ozone (O3),Mean,ppb,UHF34,401,Long Island City - Astoria,Summer 2019,2019-06-01,28.36,2019,11101
669654,365,Fine particles (PM 2.5),Mean,mcg/m3,UHF34,401,Long Island City - Astoria,Winter 2019-20,2019-12-01,8.31,2019,11101
643505,375,Nitrogen dioxide (NO2),Mean,ppb,UHF34,402,West Queens,Summer 2019,2019-06-01,15.58,2019,11368
667430,375,Nitrogen dioxide (NO2),Mean,ppb,UHF34,402,West Queens,Winter 2019-20,2019-12-01,26.72,2019,11368
667442,375,Nitrogen dioxide (NO2),Mean,ppb,UHF34,405,Ridgewood - Forest Hills,Winter 2019-20,2019-12-01,25.26,2019,11374
643511,375,Nitrogen dioxide (NO2),Mean,ppb,UHF34,405,Ridgewood - Forest Hills,Summer 2019,2019-06-01,12.77,2019,11374
667472,375,Nitrogen dioxide (NO2),Mean,ppb,UHF34,305307,Upper East Side-Gramercy,Winter 2019-20,2019-12-01,31.84,2019,10021
667478,375,Nitrogen dioxide (NO2),Mean,ppb,UHF34,306308,Chelsea-Village,Winter 2019-20,2019-12-01,32.94,2019,10001
643529,375,Nitrogen dioxide (NO2),Mean,ppb,UHF34,306308,Chelsea-Village,Summer 2019,2019-06-01,24.12,2019,10001
650982,386,Ozone (O3),Mean,ppb,UHF34,304,Upper West Side,Summer 2019,2019-06-01,25.59,2019,10023
650985,386,Ozone (O3),Mean,ppb,UHF34,403,Flushing - Clearview,Summer 2019,2019-06-01,31.31,2019,11354
650991,386,Ozone (O3),Mean,ppb,UHF34,305307,Upper East Side-Gramercy,Summer 2019,2019-06-01,24.98,2019,10021
643508,375,Nitrogen dioxide (NO2),Mean,ppb,UHF34,403,Flushing - Clearview,Summer 2019,2019-06-01,13.61,2019,11354
649835,365,Fine particles (PM 2.5),Mean,mcg/m3,UHF34,301,Washington Heights,Summer 2019,2019-06-01,8.17,2019,10031
649882,365,Fine particles (PM 2.5),Mean,mcg/m3,UHF34,501502,Northern SI,Annual Average 2019,2019-01-01,6.05,2019,10302
649876,365,Fine particles (PM 2.5),Mean,mcg/m3,UHF34,309310,Union Square-Lower Manhattan,Annual Average 2019,2019-01-01,8.67,2019,10002
649885,365,Fine particles (PM 2.5),Mean,mcg/m3,UHF34,503504,Southern SI,Annual Average 2019,2019-01-01,5.87,2019,10314
649855,365,Fine particles (PM 2.5),Mean,mcg/m3,UHF34,405,Ridgewood - Forest Hills,Annual Average 2019,2019-01-01,6.56,2019,11374
649849,365,Fine particles (PM 2.5),Mean,mcg/m3,UHF34,402,West Queens,Annual Average 2019,2019-01-01,7.35,2019,11368
649841,365,Fine particles (PM 2.5),Mean,mcg/m3,UHF34,303,East Harlem,Summer 2019,2019-06-01,8.27,2019,10029
669660,365,Fine particles (PM 2.5),Mean,mcg/m3,UHF34,303,East Harlem,Winter 2019-20,2019-12-01,7.83,2019,10029
649852,365,Fine particles (PM 2.5),Mean,mcg/m3,UHF34,403,Flushing - Clearview,Annual Average 2019,2019-01-01,6.61,2019,11354
649873,365,Fine particles (PM 2.5),Mean,mcg/m3,UHF34,306308,Chelsea-Village,Annual Average 2019,2019-01-01,10.02,2019,10001
649870,365,Fine particles (PM 2.5),Mean,mcg/m3,UHF34,305307,Upper East Side-Gramercy,Annual Average 2019,2019-01-01,8.98,2019,10021
649802,365,Fine particles (PM 2.5),Mean,mcg/m3,UHF34,201,Greenpoint,Summer 2019,2019-06-01,9.93,2019,11211
643493,375,Nitrogen dioxide (NO2),Mean,ppb,UHF34,302,Central Harlem - Morningside Heights,Summer 2019,2019-06-01,16.78,2019,10026
667406,375,Nitrogen dioxide (NO2),Mean,ppb,UHF34,302,Central Harlem - Morningside Heights,Winter 2019-20,2019-12-01,26.6,2019,10026
667400,375,Nitrogen dioxide (NO2),Mean,ppb,UHF34,301,Washington Heights,Winter 2019-20,2019-12-01,24.61,2019,10031
643490,375,Nitrogen dioxide (NO2),Mean,ppb,UHF34,301,Washington Heights,Summer 2019,2019-06-01,14.03,2019,10031
649844,365,Fine particles (PM 2.5),Mean,mcg/m3,UHF34,304,Upper West Side,Summer 2019,2019-06-01,8.55,2019,10023
669657,365,Fine particles (PM 2.5),Mean,mcg/m3,UHF34,304,Upper West Side,Winter 2019-20,2019-12-01,7.87,2019,10023
643496,375,Nitrogen dioxide (NO2),Mean,ppb,UHF34,303,East Harlem,Summer 2019,2019-06-01,16.73,2019,10029
667412,375,Nitrogen dioxide (NO2),Mean,ppb,UHF34,303,East Harlem,Winter 2019-20,2019-12-01,26.76,2019,10029
649888,365,Fine particles (PM 2.5),Mean,mcg/m3,UHF34,105106107,South Bronx,Annual Average 2019,2019-01-01,7.33,2019,10453
649861,365,Fine particles (PM 2.5),Mean,mcg/m3,UHF34,408,Jamaica,Annual Average 2019,2019-01-01,6.24,2019,11412
649817,365,Fine particles (PM 2.5),Mean,mcg/m3,UHF34,206,Borough Park,Summer 2019,2019-06-01,7.91,2019,11204
669684,365,Fine particles (PM 2.5),Mean,mcg/m3,UHF34,206,Borough Park,Winter 2019-20,2019-12-01,7.49,2019,11204
643517,375,Nitrogen dioxide (NO2),Mean,ppb,UHF34,408,Jamaica,Summer 2019,2019-06-01,13.06,2019,11412
667454,375,Nitrogen dioxide (NO2),Mean,ppb,UHF34,408,Jamaica,Winter 2019-20,2019-12-01,22.29,2019,11412
667424,375,Nitrogen dioxide (NO2),Mean,ppb,UHF34,401,Long Island City - Astoria,Winter 2019-20,2019-12-01,27.62,2019,11101
649867,365,Fine particles (PM 2.5),Mean,mcg/m3,UHF34,410,Rockaways,Annual Average 2019,2019-01-01,5.59,2019,11691
649829,365,Fine particles (PM 2.5),Mean,mcg/m3,UHF34,210,Coney Island - Sheepshead Bay,Summer 2019,2019-06-01,7.64,2019,11223
669672,365,Fine particles (PM 2.5),Mean,mcg/m3,UHF34,210,Coney Island - Sheepshead Bay,Winter 2019-20,2019-12-01,6.98,2019,11223
643484,375,Nitrogen dioxide (NO2),Mean,ppb,UHF34,210,Coney Island - Sheepshead Bay,Summer 2019,2019-06-01,9.97,2019,11223
667388,375,Nitrogen dioxide (NO2),Mean,ppb,UHF34,210,Coney Island - Sheepshead Bay,Winter 2019-20,2019-12-01,22.1,2019,11223
643457,375,Nitrogen dioxide (NO2),Mean,ppb,UHF34,201,Greenpoint,Summer 2019,2019-06-01,19.22,2019,11211
643499,375,Nitrogen dioxide (NO2),Mean,ppb,UHF34,304,Upper West Side,Summer 2019,2019-06-01,18.84,2019,10023
650981,386,Ozone (O3),Mean,ppb,UHF34,303,East Harlem,Summer 2019,2019-06-01,27.51,2019,10029
643525,375,Nitrogen dioxide (NO2),Mean,ppb,UHF34,305307,Upper East Side-Gramercy,Annual Average 2019,2019-01-01,24.05,2019,10021
643528,375,Nitrogen dioxide (NO2),Mean,ppb,UHF34,306308,Chelsea-Village,Annual Average 2019,2019-01-01,25.2,2019,10001
643507,375,Nitrogen dioxide (NO2),Mean,ppb,UHF34,403,Flushing - Clearview,Annual Average 2019,2019-01-01,16.26,2019,11354
669690,365,Fine particles (PM 2.5),Mean,mcg/m3,UHF34,204,East New York,Winter 2019-20,2019-12-01,7.4,2019,11207
643504,375,Nitrogen dioxide (NO2),Mean,ppb,UHF34,402,West Queens,Annual Average 2019,2019-01-01,18.67,2019,11368
643510,375,Nitrogen dioxide (NO2),Mean,ppb,UHF34,405,Ridgewood - Forest Hills,Annual Average 2019,2019-01-01,16.24,2019,11374
649811,365,Fine particles (PM 2.5),Mean,mcg/m3,UHF34,204,East New York,Summer 2019,2019-06-01,8.02,2019,11207
643498,375,Nitrogen dioxide (NO2),Mean,ppb,UHF34,304,Upper West Side,Annual Average 2019,2019-01-01,20.8,2019,10023
643489,375,Nitrogen dioxide (NO2),Mean,ppb,UHF34,301,Washington Heights,Annual Average 2019,2019-01-01,17.27,2019,10031
643472,375,Nitrogen dioxide (NO2),Mean,ppb,UHF34,206,Borough Park,Summer 2019,2019-06-01,13.58,2019,11204
667364,375,Nitrogen dioxide (NO2),Mean,ppb,UHF34,206,Borough Park,Winter 2019-20,2019-12-01,25.64,2019,11204
650988,386,Ozone (O3),Mean,ppb,UHF34,408,Jamaica,Summer 2019,2019-06-01,32.83,2019,11412
667394,375,Nitrogen dioxide (NO2),Mean,ppb,UHF34,211,Williamsburg - Bushwick,Winter 2019-20,2019-12-01,28.7,2019,11206
650978,386,Ozone (O3),Mean,ppb,UHF34,211,Williamsburg - Bushwick,Summer 2019,2019-06-01,29.34,2019,11206
643537,375,Nitrogen dioxide (NO2),Mean,ppb,UHF34,501502,Northern SI,Annual Average 2019,2019-01-01,14.17,2019,10302
643486,375,Nitrogen dioxide (NO2),Mean,ppb,UHF34,211,Williamsburg - Bushwick,Annual Average 2019,2019-01-01,19.67,2019,11206
643466,375,Nitrogen dioxide (NO2),Mean,ppb,UHF34,204,East New York,Summer 2019,2019-06-01,11.97,2019,11207
667352,375,Nitrogen dioxide (NO2),Mean,ppb,UHF34,204,East New York,Winter 2019-20,2019-12-01,25.5,2019,11207
669693,365,Fine particles (PM 2.5),Mean,mcg/m3,UHF34,203,Bedford Stuyvesant - Crown Heights,Winter 2019-20,2019-12-01,7.81,2019,11213
669702,365,Fine particles (PM 2.5),Mean,mcg/m3,UHF34,104,Pelham - Throgs Neck,Winter 2019-20,2019-12-01,7.28,2019,10461
649799,365,Fine particles (PM 2.5),Mean,mcg/m3,UHF34,104,Pelham - Throgs Neck,Summer 2019,2019-06-01,7.81,2019,10461
649796,365,Fine particles (PM 2.5),Mean,mcg/m3,UHF34,103,Fordham - Bronx Pk,Summer 2019,2019-06-01,7.77,2019,10458
669705,365,Fine particles (PM 2.5),Mean,mcg/m3,UHF34,103,Fordham - Bronx Pk,Winter 2019-20,2019-12-01,6.68,2019,10458
649840,365,Fine particles (PM 2.5),Mean,mcg/m3,UHF34,303,East Harlem,Annual Average 2019,2019-01-01,7.11,2019,10029
650977,386,Ozone (O3),Mean,ppb,UHF34,210,Coney Island - Sheepshead Bay,Summer 2019,2019-06-01,33.33,2019,11223
669696,365,Fine particles (PM 2.5),Mean,mcg/m3,UHF34,202,Downtown - Heights - Slope,Winter 2019-20,2019-12-01,8.55,2019,11201
649834,365,Fine particles (PM 2.5),Mean,mcg/m3,UHF34,301,Washington Heights,Annual Average 2019,2019-01-01,7.11,2019,10031
649837,365,Fine particles (PM 2.5),Mean,mcg/m3,UHF34,302,Central Harlem - Morningside Heights,Annual Average 2019,2019-01-01,7,2019,10026
649801,365,Fine particles (PM 2.5),Mean,mcg/m3,UHF34,201,Greenpoint,Annual Average 2019,2019-01-01,8.56,2019,11211
643513,375,Nitrogen dioxide (NO2),Mean,ppb,UHF34,407,Southwest Queens,Annual Average 2019,2019-01-01,15.14,2019,11414
643516,375,Nitrogen dioxide (NO2),Mean,ppb,UHF34,408,Jamaica,Annual Average 2019,2019-01-01,15.51,2019,11412
649823,365,Fine particles (PM 2.5),Mean,mcg/m3,UHF34,208,Canarsie - Flatlands,Summer 2019,2019-06-01,7.71,2019,11234
669678,365,Fine particles (PM 2.5),Mean,mcg/m3,UHF34,208,Canarsie - Flatlands,Winter 2019-20,2019-12-01,6.85,2019,11234
649846,365,Fine particles (PM 2.5),Mean,mcg/m3,UHF34,401,Long Island City - Astoria,Annual Average 2019,2019-01-01,7.99,2019,11101
643540,375,Nitrogen dioxide (NO2),Mean,ppb,UHF34,503504,Southern SI,Annual Average 2019,2019-01-01,10.97,2019,10314
649843,365,Fine particles (PM 2.5),Mean,mcg/m3,UHF34,304,Upper West Side,Annual Average 2019,2019-01-01,7.38,2019,10023
649810,365,Fine particles (PM 2.5),Mean,mcg/m3,UHF34,204,East New York,Annual Average 2019,2019-01-01,6.56,2019,11207
649807,365,Fine particles (PM 2.5),Mean,mcg/m3,UHF34,203,Bedford Stuyvesant - Crown Heights,Annual Average 2019,2019-01-01,6.61,2019,11213
649798,365,Fine particles (PM 2.5),Mean,mcg/m3,UHF34,104,Pelham - Throgs Neck,Annual Average 2019,2019-01-01,6.74,2019,10461
643463,375,Nitrogen dioxide (NO2),Mean,ppb,UHF34,203,Bedford Stuyvesant - Crown Heights,Summer 2019,2019-06-01,14.34,2019,11213
643454,375,Nitrogen dioxide (NO2),Mean,ppb,UHF34,104,Pelham - Throgs Neck,Summer 2019,2019-06-01,12.8,2019,10461
667328,375,Nitrogen dioxide (NO2),Mean,ppb,UHF34,104,Pelham - Throgs Neck,Winter 2019-20,2019-12-01,22.22,2019,10461
650967,386,Ozone (O3),Mean,ppb,UHF34,104,Pelham - Throgs Neck,Summer 2019,2019-06-01,30.87,2019,10461
650966,386,Ozone (O3),Mean,ppb,UHF34,103,Fordham - Bronx Pk,Summer 2019,2019-06-01,29.64,2019,10458
650971,386,Ozone (O3),Mean,ppb,UHF34,204,East New York,Summer 2019,2019-06-01,32.61,2019,11207
643451,375,Nitrogen dioxide (NO2),Mean,ppb,UHF34,103,Fordham - Bronx Pk,Summer 2019,2019-06-01,12.17,2019,10458
667322,375,Nitrogen dioxide (NO2),Mean,ppb,UHF34,103,Fordham - Bronx Pk,Winter 2019-20,2019-12-01,22.59,2019,10458
649793,365,Fine particles (PM 2.5),Mean,mcg/m3,UHF34,102,Northeast Bronx,Summer 2019,2019-06-01,7.7,2019,10466
669708,365,Fine particles (PM 2.5),Mean,mcg/m3,UHF34,102,Northeast Bronx,Winter 2019-20,2019-12-01,6.66,2019,10466
650965,386,Ozone (O3),Mean,ppb,UHF34,102,Northeast Bronx,Summer 2019,2019-06-01,30.34,2019,10466
650964,386,Ozone (O3),Mean,ppb,UHF34,101,Kingsbridge - Riverdale,Summer 2019,2019-06-01,28.43,2019,10463
650969,386,Ozone (O3),Mean,ppb,UHF34,202,Downtown - Heights - Slope,Summer 2019,2019-06-01,27.61,2019,11201
643460,375,Nitrogen dioxide (NO2),Mean,ppb,UHF34,202,Downtown - Heights - Slope,Summer 2019,2019-06-01,17.99,2019,11201
643448,375,Nitrogen dioxide (NO2),Mean,ppb,UHF34,102,Northeast Bronx,Summer 2019,2019-06-01,12.28,2019,10466
667316,375,Nitrogen dioxide (NO2),Mean,ppb,UHF34,102,Northeast Bronx,Winter 2019-20,2019-12-01,21.91,2019,10466
643445,375,Nitrogen dioxide (NO2),Mean,ppb,UHF34,101,Kingsbridge - Riverdale,Summer 2019,2019-06-01,10.39,2019,10463
649832,365,Fine particles (PM 2.5),Mean,mcg/m3,UHF34,211,Williamsburg - Bushwick,Summer 2019,2019-06-01,8.96,2019,11206
669669,365,Fine particles (PM 2.5),Mean,mcg/m3,UHF34,211,Williamsburg - Bushwick,Winter 2019-20,2019-12-01,8.29,2019,11206
649831,365,Fine particles (PM 2.5),Mean,mcg/m3,UHF34,211,Williamsburg - Bushwick,Annual Average 2019,2019-01-01,7.5,2019,11206
650976,386,Ozone (O3),Mean,ppb,UHF34,209,Bensonhurst - Bay Ridge,Summer 2019,2019-06-01,30.83,2019,11209
667382,375,Nitrogen dioxide (NO2),Mean,ppb,UHF34,209,Bensonhurst - Bay Ridge,Winter 2019-20,2019-12-01,23.75,2019,11209
649790,365,Fine particles (PM 2.5),Mean,mcg/m3,UHF34,101,Kingsbridge - Riverdale,Summer 2019,2019-06-01,7.78,2019,10463
669711,365,Fine particles (PM 2.5),Mean,mcg/m3,UHF34,101,Kingsbridge - Riverdale,Winter 2019-20,2019-12-01,6.37,2019,10463
649820,365,Fine particles (PM 2.5),Mean,mcg/m3,UHF34,207,East Flatbush - Flatbush,Summer 2019,2019-06-01,7.87,2019,11203
669681,365,Fine particles (PM 2.5),Mean,mcg/m3,UHF34,207,East Flatbush - Flatbush,Winter 2019-20,2019-12-01,7.47,2019,11203
649816,365,Fine particles (PM 2.5),Mean,mcg/m3,UHF34,206,Borough Park,Annual Average 2019,2019-01-01,6.32,2019,11204
649822,365,Fine particles (PM 2.5),Mean,mcg/m3,UHF34,208,Canarsie - Flatlands,Annual Average 2019,2019-01-01,6.15,2019,11234
650975,386,Ozone (O3),Mean,ppb,UHF34,208,Canarsie - Flatlands,Summer 2019,2019-06-01,34.05,2019,11234
650973,386,Ozone (O3),Mean,ppb,UHF34,206,Borough Park,Summer 2019,2019-06-01,30.62,2019,11204
643478,375,Nitrogen dioxide (NO2),Mean,ppb,UHF34,208,Canarsie - Flatlands,Summer 2019,2019-06-01,9.24,2019,11234
667376,375,Nitrogen dioxide (NO2),Mean,ppb,UHF34,208,Canarsie - Flatlands,Winter 2019-20,2019-12-01,22.86,2019,11234
643483,375,Nitrogen dioxide (NO2),Mean,ppb,UHF34,210,Coney Island - Sheepshead Bay,Annual Average 2019,2019-01-01,13.5,2019,11223
649828,365,Fine particles (PM 2.5),Mean,mcg/m3,UHF34,210,Coney Island - Sheepshead Bay,Annual Average 2019,2019-01-01,6.04,2019,11223
643471,375,Nitrogen dioxide (NO2),Mean,ppb,UHF34,206,Borough Park,Annual Average 2019,2019-01-01,16.66,2019,11204
643477,375,Nitrogen dioxide (NO2),Mean,ppb,UHF34,208,Canarsie - Flatlands,Annual Average 2019,2019-01-01,13.14,2019,11234
643474,375,Nitrogen dioxide (NO2),Mean,ppb,UHF34,207,East Flatbush - Flatbush,Annual Average 2019,2019-01-01,16.27,2019,11203
643456,375,Nitrogen dioxide (NO2),Mean,ppb,UHF34,201,Greenpoint,Annual Average 2019,2019-01-01,21.4,2019,11211
643465,375,Nitrogen dioxide (NO2),Mean,ppb,UHF34,204,East New York,Annual Average 2019,2019-01-01,15.81,2019,11207
643453,375,Nitrogen dioxide (NO2),Mean,ppb,UHF34,104,Pelham - Throgs Neck,Annual Average 2019,2019-01-01,15.47,2019,10461
643462,375,Nitrogen dioxide (NO2),Mean,ppb,UHF34,203,Bedford Stuyvesant - Crown Heights,Annual Average 2019,2019-01-01,17.69,2019,11213
643450,375,Nitrogen dioxide (NO2),Mean,ppb,UHF34,103,Fordham - Bronx Pk,Annual Average 2019,2019-01-01,15.17,2019,10458
649804,365,Fine particles (PM 2.5),Mean,mcg/m3,UHF34,202,Downtown - Heights - Slope,Annual Average 2019,2019-01-01,7.44,2019,11201
649792,365,Fine particles (PM 2.5),Mean,mcg/m3,UHF34,102,Northeast Bronx,Annual Average 2019,2019-01-01,6.68,2019,10466
643480,375,Nitrogen dioxide (NO2),Mean,ppb,UHF34,209,Bensonhurst - Bay Ridge,Annual Average 2019,2019-01-01,15.7,2019,11209
649825,365,Fine particles (PM 2.5),Mean,mcg/m3,UHF34,209,Bensonhurst - Bay Ridge,Annual Average 2019,2019-01-01,6.21,2019,11209
667490,375,Nitrogen dioxide (NO2),Mean,ppb,UHF34,404406,Bayside Little Neck-Fresh Meadows,Winter 2019-20,2019-12-01,20.96,2019,11361
643535,375,Nitrogen dioxide (NO2),Mean,ppb,UHF34,404406,Bayside Little Neck-Fresh Meadows,Summer 2019,2019-06-01,12.56,2019,11361
667460,375,Nitrogen dioxide (NO2),Mean,ppb,UHF34,409,Southeast Queens,Winter 2019-20,2019-12-01,20.09,2019,11004
643520,375,Nitrogen dioxide (NO2),Mean,ppb,UHF34,409,Southeast Queens,Summer 2019,2019-06-01,12.99,2019,11004
649879,365,Fine particles (PM 2.5),Mean,mcg/m3,UHF34,404406,Bayside Little Neck-Fresh Meadows,Annual Average 2019,2019-01-01,6.19,2019,11361
649864,365,Fine particles (PM 2.5),Mean,mcg/m3,UHF34,409,Southeast Queens,Annual Average 2019,2019-01-01,6.01,2019,11004
649814,365,Fine particles (PM 2.5),Mean,mcg/m3,UHF34,205,Sunset Park,Summer 2019,2019-06-01,8.86,2019,11220
669687,365,Fine particles (PM 2.5),Mean,mcg/m3,UHF34,205,Sunset Park,Winter 2019-20,2019-12-01,8.17,2019,11220
667358,375,Nitrogen dioxide (NO2),Mean,ppb,UHF34,205,Sunset Park,Winter 2019-20,2019-12-01,26.36,2019,11220
643469,375,Nitrogen dioxide (NO2),Mean,ppb,UHF34,205,Sunset Park,Summer 2019,2019-06-01,16.21,2019,11220
643534,375,Nitrogen dioxide (NO2),Mean,ppb,UHF34,404406,Bayside Little Neck-Fresh Meadows,Annual Average 2019,2019-01-01,14.65,2019,11361
643519,375,Nitrogen dioxide (NO2),Mean,ppb,UHF34,409,Southeast Queens,Annual Average 2019,2019-01-01,14.5,2019,11004
643468,375,Nitrogen dioxide (NO2),Mean,ppb,UHF34,205,Sunset Park,Annual Average 2019,2019-01-01,18.46,2019,11220
649813,365,Fine particles (PM 2.5),Mean,mcg/m3,UHF34,205,Sunset Park,Annual Average 2019,2019-01-01,7.32,2019,11220
650972,386,Ozone (O3),Mean,ppb,UHF34,205,Sunset Park,Summer 2019,2019-06-01,28.83,2019,11220
643339,375,Nitrogen dioxide (NO2),Mean,ppb,UHF42,201,Greenpoint,Annual Average 2019,2019-01-01,21.4,2019,11211
643351,375,Nitrogen dioxide (NO2),Mean,ppb,UHF42,205,Sunset Park,Annual Average 2019,2019-01-01,18.46,2019,11220
643336,375,Nitrogen dioxide (NO2),Mean,ppb,UHF42,107,Hunts Point - Mott Haven,Annual Average 2019,2019-01-01,18.75,2019,10454
643324,375,Nitrogen dioxide (NO2),Mean,ppb,UHF42,103,Fordham - Bronx Pk,Annual Average 2019,2019-01-01,15.17,2019,10458
667112,375,Nitrogen dioxide (NO2),Mean,ppb,UHF42,203,Bedford Stuyvesant - Crown Heights,Winter 2019-20,2019-12-01,27.58,2019,11213
643331,375,Nitrogen dioxide (NO2),Mean,ppb,UHF42,105,Crotona -Tremont,Summer 2019,2019-06-01,14.38,2019,10453
667082,375,Nitrogen dioxide (NO2),Mean,ppb,UHF42,105,Crotona -Tremont,Winter 2019-20,2019-12-01,24.76,2019,10453
643354,375,Nitrogen dioxide (NO2),Mean,ppb,UHF42,206,Borough Park,Annual Average 2019,2019-01-01,16.66,2019,11204
643429,375,Nitrogen dioxide (NO2),Mean,ppb,UHF42,410,Rockaways,Annual Average 2019,2019-01-01,10.04,2019,11691
643357,375,Nitrogen dioxide (NO2),Mean,ppb,UHF42,207,East Flatbush - Flatbush,Annual Average 2019,2019-01-01,16.27,2019,11203
643360,375,Nitrogen dioxide (NO2),Mean,ppb,UHF42,208,Canarsie - Flatlands,Annual Average 2019,2019-01-01,13.14,2019,11234
643420,375,Nitrogen dioxide (NO2),Mean,ppb,UHF42,407,Southwest Queens,Annual Average 2019,2019-01-01,15.13,2019,11414
643393,375,Nitrogen dioxide (NO2),Mean,ppb,UHF42,308,Greenwich Village - SoHo,Annual Average 2019,2019-01-01,23.56,2019,10012
667094,375,Nitrogen dioxide (NO2),Mean,ppb,UHF42,107,Hunts Point - Mott Haven,Winter 2019-20,2019-12-01,25.29,2019,10454
643358,375,Nitrogen dioxide (NO2),Mean,ppb,UHF42,207,East Flatbush - Flatbush,Summer 2019,2019-06-01,12.75,2019,11203
643361,375,Nitrogen dioxide (NO2),Mean,ppb,UHF42,208,Canarsie - Flatlands,Summer 2019,2019-06-01,9.24,2019,11234
667262,375,Nitrogen dioxide (NO2),Mean,ppb,UHF42,407,Southwest Queens,Winter 2019-20,2019-12-01,23.92,2019,11414
643369,375,Nitrogen dioxide (NO2),Mean,ppb,UHF42,211,Williamsburg - Bushwick,Annual Average 2019,2019-01-01,19.67,2019,11206
643381,375,Nitrogen dioxide (NO2),Mean,ppb,UHF42,304,Upper West Side,Annual Average 2019,2019-01-01,20.8,2019,10023
643328,375,Nitrogen dioxide (NO2),Mean,ppb,UHF42,104,Pelham - Throgs Neck,Summer 2019,2019-06-01,12.8,2019,10461
667076,375,Nitrogen dioxide (NO2),Mean,ppb,UHF42,104,Pelham - Throgs Neck,Winter 2019-20,2019-12-01,22.22,2019,10461
667160,375,Nitrogen dioxide (NO2),Mean,ppb,UHF42,211,Williamsburg - Bushwick,Winter 2019-20,2019-12-01,28.7,2019,11206
643432,375,Nitrogen dioxide (NO2),Mean,ppb,UHF42,501,Port Richmond,Annual Average 2019,2019-01-01,15.73,2019,10302
643402,375,Nitrogen dioxide (NO2),Mean,ppb,UHF42,401,Long Island City - Astoria,Annual Average 2019,2019-01-01,20.24,2019,11101
643340,375,Nitrogen dioxide (NO2),Mean,ppb,UHF42,201,Greenpoint,Summer 2019,2019-06-01,19.22,2019,11211
667100,375,Nitrogen dioxide (NO2),Mean,ppb,UHF42,201,Greenpoint,Winter 2019-20,2019-12-01,29.27,2019,11211
643321,375,Nitrogen dioxide (NO2),Mean,ppb,UHF42,102,Northeast Bronx,Annual Average 2019,2019-01-01,14.67,2019,10466
667280,375,Nitrogen dioxide (NO2),Mean,ppb,UHF42,410,Rockaways,Winter 2019-20,2019-12-01,17.57,2019,11691
643430,375,Nitrogen dioxide (NO2),Mean,ppb,UHF42,410,Rockaways,Summer 2019,2019-06-01,7.33,2019,11691
667274,375,Nitrogen dioxide (NO2),Mean,ppb,UHF42,409,Southeast Queens,Winter 2019-20,2019-12-01,20.09,2019,11004
667286,375,Nitrogen dioxide (NO2),Mean,ppb,UHF42,501,Port Richmond,Winter 2019-20,2019-12-01,21.89,2019,10302
649669,365,Fine particles (PM 2.5),Mean,mcg/m3,UHF42,103,Fordham - Bronx Pk,Annual Average 2019,2019-01-01,6.7,2019,10458
649684,365,Fine particles (PM 2.5),Mean,mcg/m3,UHF42,201,Greenpoint,Annual Average 2019,2019-01-01,8.56,2019,11211
669816,365,Fine particles (PM 2.5),Mean,mcg/m3,UHF42,201,Greenpoint,Winter 2019-20,2019-12-01,8.59,2019,11211
649681,365,Fine particles (PM 2.5),Mean,mcg/m3,UHF42,107,Hunts Point - Mott Haven,Annual Average 2019,2019-01-01,7.52,2019,10454
649682,365,Fine particles (PM 2.5),Mean,mcg/m3,UHF42,107,Hunts Point - Mott Haven,Summer 2019,2019-06-01,8.71,2019,10454
643405,375,Nitrogen dioxide (NO2),Mean,ppb,UHF42,402,West Queens,Annual Average 2019,2019-01-01,18.67,2019,11368
643435,375,Nitrogen dioxide (NO2),Mean,ppb,UHF42,502,Stapleton - St. George,Annual Average 2019,2019-01-01,13.33,2019,10301
669768,365,Fine particles (PM 2.5),Mean,mcg/m3,UHF42,306,Chelsea - Clinton,Winter 2019-20,2019-12-01,11.38,2019,10001
650955,386,Ozone (O3),Mean,ppb,UHF42,406,Fresh Meadows,Summer 2019,2019-06-01,31.81,2019,11365
650923,386,Ozone (O3),Mean,ppb,UHF42,102,Northeast Bronx,Summer 2019,2019-06-01,30.34,2019,10466
667172,375,Nitrogen dioxide (NO2),Mean,ppb,UHF42,302,Central Harlem - Morningside Heights,Winter 2019-20,2019-12-01,26.6,2019,10026
669810,365,Fine particles (PM 2.5),Mean,mcg/m3,UHF42,203,Bedford Stuyvesant - Crown Heights,Winter 2019-20,2019-12-01,7.81,2019,11213
669804,365,Fine particles (PM 2.5),Mean,mcg/m3,UHF42,205,Sunset Park,Winter 2019-20,2019-12-01,8.17,2019,11220
669831,365,Fine particles (PM 2.5),Mean,mcg/m3,UHF42,103,Fordham - Bronx Pk,Winter 2019-20,2019-12-01,6.68,2019,10458
669771,365,Fine particles (PM 2.5),Mean,mcg/m3,UHF42,305,Upper East Side,Winter 2019-20,2019-12-01,8.57,2019,10021
669738,365,Fine particles (PM 2.5),Mean,mcg/m3,UHF42,406,Fresh Meadows,Winter 2019-20,2019-12-01,7.63,2019,11365
649763,365,Fine particles (PM 2.5),Mean,mcg/m3,UHF42,406,Fresh Meadows,Summer 2019,2019-06-01,7.35,2019,11365
649721,365,Fine particles (PM 2.5),Mean,mcg/m3,UHF42,302,Central Harlem - Morningside Heights,Summer 2019,2019-06-01,8.19,2019,10026
650926,386,Ozone (O3),Mean,ppb,UHF42,105,Crotona -Tremont,Summer 2019,2019-06-01,29.06,2019,10453
667178,375,Nitrogen dioxide (NO2),Mean,ppb,UHF42,303,East Harlem,Winter 2019-20,2019-12-01,26.76,2019,10029
669747,365,Fine particles (PM 2.5),Mean,mcg/m3,UHF42,403,Flushing - Clearview,Winter 2019-20,2019-12-01,7.83,2019,11354
650940,386,Ozone (O3),Mean,ppb,UHF42,301,Washington Heights,Summer 2019,2019-06-01,27.73,2019,10031
667226,375,Nitrogen dioxide (NO2),Mean,ppb,UHF42,401,Long Island City - Astoria,Winter 2019-20,2019-12-01,27.62,2019,11101
649784,365,Fine particles (PM 2.5),Mean,mcg/m3,UHF42,503,Willowbrook,Summer 2019,2019-06-01,7.39,2019,10314
669717,365,Fine particles (PM 2.5),Mean,mcg/m3,UHF42,503,Willowbrook,Winter 2019-20,2019-12-01,6.95,2019,10314
669741,365,Fine particles (PM 2.5),Mean,mcg/m3,UHF42,405,Ridgewood - Forest Hills,Winter 2019-20,2019-12-01,7.7,2019,11374
649760,365,Fine particles (PM 2.5),Mean,mcg/m3,UHF42,405,Ridgewood - Forest Hills,Summer 2019,2019-06-01,7.91,2019,11374
669762,365,Fine particles (PM 2.5),Mean,mcg/m3,UHF42,308,Greenwich Village - SoHo,Winter 2019-20,2019-12-01,11.04,2019,10012
649739,365,Fine particles (PM 2.5),Mean,mcg/m3,UHF42,308,Greenwich Village - SoHo,Summer 2019,2019-06-01,10.79,2019,10012
649751,365,Fine particles (PM 2.5),Mean,mcg/m3,UHF42,402,West Queens,Summer 2019,2019-06-01,8.61,2019,11368
669750,365,Fine particles (PM 2.5),Mean,mcg/m3,UHF42,402,West Queens,Winter 2019-20,2019-12-01,8.24,2019,11368
650961,386,Ozone (O3),Mean,ppb,UHF42,502,Stapleton - St. George,Summer 2019,2019-06-01,29.1,2019,10301
649778,365,Fine particles (PM 2.5),Mean,mcg/m3,UHF42,501,Port Richmond,Summer 2019,2019-06-01,7.79,2019,10302
669723,365,Fine particles (PM 2.5),Mean,mcg/m3,UHF42,501,Port Richmond,Winter 2019-20,2019-12-01,7.44,2019,10302
649766,365,Fine particles (PM 2.5),Mean,mcg/m3,UHF42,407,Southwest Queens,Summer 2019,2019-06-01,7.54,2019,11414
669735,365,Fine particles (PM 2.5),Mean,mcg/m3,UHF42,407,Southwest Queens,Winter 2019-20,2019-12-01,7.4,2019,11414
669732,365,Fine particles (PM 2.5),Mean,mcg/m3,UHF42,408,Jamaica,Winter 2019-20,2019-12-01,7.45,2019,11412
649769,365,Fine particles (PM 2.5),Mean,mcg/m3,UHF42,408,Jamaica,Summer 2019,2019-06-01,7.48,2019,11412
649679,365,Fine particles (PM 2.5),Mean,mcg/m3,UHF42,106,High Bridge - Morrisania,Summer 2019,2019-06-01,8.27,2019,10451
649742,365,Fine particles (PM 2.5),Mean,mcg/m3,UHF42,309,Union Square - Lower East Side,Summer 2019,2019-06-01,10.09,2019,10002
669759,365,Fine particles (PM 2.5),Mean,mcg/m3,UHF42,309,Union Square - Lower East Side,Winter 2019-20,2019-12-01,10.31,2019,10002
649781,365,Fine particles (PM 2.5),Mean,mcg/m3,UHF42,502,Stapleton - St. George,Summer 2019,2019-06-01,7.43,2019,10301
669720,365,Fine particles (PM 2.5),Mean,mcg/m3,UHF42,502,Stapleton - St. George,Winter 2019-20,2019-12-01,7.24,2019,10301
650938,386,Ozone (O3),Mean,ppb,UHF42,210,Coney Island - Sheepshead Bay,Summer 2019,2019-06-01,33.33,2019,11223
667196,375,Nitrogen dioxide (NO2),Mean,ppb,UHF42,306,Chelsea - Clinton,Winter 2019-20,2019-12-01,33.6,2019,10001
643418,375,Nitrogen dioxide (NO2),Mean,ppb,UHF42,406,Fresh Meadows,Summer 2019,2019-06-01,12.64,2019,11365
667256,375,Nitrogen dioxide (NO2),Mean,ppb,UHF42,406,Fresh Meadows,Winter 2019-20,2019-12-01,22.53,2019,11365
669729,365,Fine particles (PM 2.5),Mean,mcg/m3,UHF42,409,Southeast Queens,Winter 2019-20,2019-12-01,7.16,2019,11004
649772,365,Fine particles (PM 2.5),Mean,mcg/m3,UHF42,409,Southeast Queens,Summer 2019,2019-06-01,7.18,2019,11004
649775,365,Fine particles (PM 2.5),Mean,mcg/m3,UHF42,410,Rockaways,Summer 2019,2019-06-01,7.02,2019,11691
669726,365,Fine particles (PM 2.5),Mean,mcg/m3,UHF42,410,Rockaways,Winter 2019-20,2019-12-01,6.12,2019,11691
643439,375,Nitrogen dioxide (NO2),Mean,ppb,UHF42,503,Willowbrook,Summer 2019,2019-06-01,10.36,2019,10314
667298,375,Nitrogen dioxide (NO2),Mean,ppb,UHF42,503,Willowbrook,Winter 2019-20,2019-12-01,18.46,2019,10314
649748,365,Fine particles (PM 2.5),Mean,mcg/m3,UHF42,401,Long Island City - Astoria,Summer 2019,2019-06-01,9.28,2019,11101
643436,375,Nitrogen dioxide (NO2),Mean,ppb,UHF42,502,Stapleton - St. George,Summer 2019,2019-06-01,11.42,2019,10301
667292,375,Nitrogen dioxide (NO2),Mean,ppb,UHF42,502,Stapleton - St. George,Winter 2019-20,2019-12-01,20.53,2019,10301
643421,375,Nitrogen dioxide (NO2),Mean,ppb,UHF42,407,Southwest Queens,Summer 2019,2019-06-01,11.69,2019,11414
643364,375,Nitrogen dioxide (NO2),Mean,ppb,UHF42,209,Bensonhurst - Bay Ridge,Summer 2019,2019-06-01,13,2019,11209
649754,365,Fine particles (PM 2.5),Mean,mcg/m3,UHF42,403,Flushing - Clearview,Summer 2019,2019-06-01,7.76,2019,11354
669753,365,Fine particles (PM 2.5),Mean,mcg/m3,UHF42,401,Long Island City - Astoria,Winter 2019-20,2019-12-01,8.31,2019,11101
669756,365,Fine particles (PM 2.5),Mean,mcg/m3,UHF42,310,Lower Manhattan,Winter 2019-20,2019-12-01,9.88,2019,10004
649745,365,Fine particles (PM 2.5),Mean,mcg/m3,UHF42,310,Lower Manhattan,Summer 2019,2019-06-01,9.52,2019,10004
650925,386,Ozone (O3),Mean,ppb,UHF42,104,Pelham - Throgs Neck,Summer 2019,2019-06-01,30.87,2019,10461
650939,386,Ozone (O3),Mean,ppb,UHF42,211,Williamsburg - Bushwick,Summer 2019,2019-06-01,29.34,2019,11206
643382,375,Nitrogen dioxide (NO2),Mean,ppb,UHF42,304,Upper West Side,Summer 2019,2019-06-01,18.84,2019,10023
667184,375,Nitrogen dioxide (NO2),Mean,ppb,UHF42,304,Upper West Side,Winter 2019-20,2019-12-01,28.11,2019,10023
649727,365,Fine particles (PM 2.5),Mean,mcg/m3,UHF42,304,Upper West Side,Summer 2019,2019-06-01,8.55,2019,10023
669714,365,Fine particles (PM 2.5),Mean,mcg/m3,UHF42,504,South Beach - Tottenville,Winter 2019-20,2019-12-01,6.05,2019,10306
643433,375,Nitrogen dioxide (NO2),Mean,ppb,UHF42,501,Port Richmond,Summer 2019,2019-06-01,14.27,2019,10302
650960,386,Ozone (O3),Mean,ppb,UHF42,501,Port Richmond,Summer 2019,2019-06-01,27.27,2019,10302
667250,375,Nitrogen dioxide (NO2),Mean,ppb,UHF42,405,Ridgewood - Forest Hills,Winter 2019-20,2019-12-01,25.26,2019,11374
643415,375,Nitrogen dioxide (NO2),Mean,ppb,UHF42,405,Ridgewood - Forest Hills,Summer 2019,2019-06-01,12.77,2019,11374
650962,386,Ozone (O3),Mean,ppb,UHF42,503,Willowbrook,Summer 2019,2019-06-01,28.8,2019,10314
650942,386,Ozone (O3),Mean,ppb,UHF42,303,East Harlem,Summer 2019,2019-06-01,27.51,2019,10029
650952,386,Ozone (O3),Mean,ppb,UHF42,403,Flushing - Clearview,Summer 2019,2019-06-01,31.3,2019,11354
650944,386,Ozone (O3),Mean,ppb,UHF42,305,Upper East Side,Summer 2019,2019-06-01,25.88,2019,10021
650935,386,Ozone (O3),Mean,ppb,UHF42,207,East Flatbush - Flatbush,Summer 2019,2019-06-01,31.43,2019,11203
650956,386,Ozone (O3),Mean,ppb,UHF42,407,Southwest Queens,Summer 2019,2019-06-01,33.31,2019,11414
650947,386,Ozone (O3),Mean,ppb,UHF42,308,Greenwich Village - SoHo,Summer 2019,2019-06-01,25.04,2019,10012
650951,386,Ozone (O3),Mean,ppb,UHF42,402,West Queens,Summer 2019,2019-06-01,29.95,2019,11368
649675,365,Fine particles (PM 2.5),Mean,mcg/m3,UHF42,105,Crotona -Tremont,Annual Average 2019,2019-01-01,7.23,2019,10453
649705,365,Fine particles (PM 2.5),Mean,mcg/m3,UHF42,208,Canarsie - Flatlands,Annual Average 2019,2019-01-01,6.15,2019,11234
649765,365,Fine particles (PM 2.5),Mean,mcg/m3,UHF42,407,Southwest Queens,Annual Average 2019,2019-01-01,6.19,2019,11414
649750,365,Fine particles (PM 2.5),Mean,mcg/m3,UHF42,402,West Queens,Annual Average 2019,2019-01-01,7.35,2019,11368
649732,365,Fine particles (PM 2.5),Mean,mcg/m3,UHF42,306,Chelsea - Clinton,Annual Average 2019,2019-01-01,10.21,2019,10001
649762,365,Fine particles (PM 2.5),Mean,mcg/m3,UHF42,406,Fresh Meadows,Annual Average 2019,2019-01-01,6.16,2019,11365
667238,375,Nitrogen dioxide (NO2),Mean,ppb,UHF42,403,Flushing - Clearview,Winter 2019-20,2019-12-01,22.92,2019,11354
649771,365,Fine particles (PM 2.5),Mean,mcg/m3,UHF42,409,Southeast Queens,Annual Average 2019,2019-01-01,6.01,2019,11004
649774,365,Fine particles (PM 2.5),Mean,mcg/m3,UHF42,410,Rockaways,Annual Average 2019,2019-01-01,5.59,2019,11691
649783,365,Fine particles (PM 2.5),Mean,mcg/m3,UHF42,503,Willowbrook,Annual Average 2019,2019-01-01,5.96,2019,10314
649759,365,Fine particles (PM 2.5),Mean,mcg/m3,UHF42,405,Ridgewood - Forest Hills,Annual Average 2019,2019-01-01,6.56,2019,11374
643409,375,Nitrogen dioxide (NO2),Mean,ppb,UHF42,403,Flushing - Clearview,Summer 2019,2019-06-01,13.61,2019,11354
667190,375,Nitrogen dioxide (NO2),Mean,ppb,UHF42,305,Upper East Side,Winter 2019-20,2019-12-01,29.8,2019,10021
643385,375,Nitrogen dioxide (NO2),Mean,ppb,UHF42,305,Upper East Side,Summer 2019,2019-06-01,20.08,2019,10021
643379,375,Nitrogen dioxide (NO2),Mean,ppb,UHF42,303,East Harlem,Summer 2019,2019-06-01,16.73,2019,10029
669777,365,Fine particles (PM 2.5),Mean,mcg/m3,UHF42,303,East Harlem,Winter 2019-20,2019-12-01,7.83,2019,10029
643427,375,Nitrogen dioxide (NO2),Mean,ppb,UHF42,409,Southeast Queens,Summer 2019,2019-06-01,12.99,2019,11004
643400,375,Nitrogen dioxide (NO2),Mean,ppb,UHF42,310,Lower Manhattan,Summer 2019,2019-06-01,23.09,2019,10004
667220,375,Nitrogen dioxide (NO2),Mean,ppb,UHF42,310,Lower Manhattan,Winter 2019-20,2019-12-01,32.12,2019,10004
643397,375,Nitrogen dioxide (NO2),Mean,ppb,UHF42,309,Union Square - Lower East Side,Summer 2019,2019-06-01,20.28,2019,10002
667214,375,Nitrogen dioxide (NO2),Mean,ppb,UHF42,309,Union Square - Lower East Side,Winter 2019-20,2019-12-01,30.06,2019,10002
669789,365,Fine particles (PM 2.5),Mean,mcg/m3,UHF42,210,Coney Island - Sheepshead Bay,Winter 2019-20,2019-12-01,6.98,2019,11223
649712,365,Fine particles (PM 2.5),Mean,mcg/m3,UHF42,210,Coney Island - Sheepshead Bay,Summer 2019,2019-06-01,7.64,2019,11223
649777,365,Fine particles (PM 2.5),Mean,mcg/m3,UHF42,501,Port Richmond,Annual Average 2019,2019-01-01,6.34,2019,10302
643403,375,Nitrogen dioxide (NO2),Mean,ppb,UHF42,401,Long Island City - Astoria,Summer 2019,2019-06-01,17.72,2019,11101
643406,375,Nitrogen dioxide (NO2),Mean,ppb,UHF42,402,West Queens,Summer 2019,2019-06-01,15.58,2019,11368
667232,375,Nitrogen dioxide (NO2),Mean,ppb,UHF42,402,West Queens,Winter 2019-20,2019-12-01,26.72,2019,11368
667154,375,Nitrogen dioxide (NO2),Mean,ppb,UHF42,210,Coney Island - Sheepshead Bay,Winter 2019-20,2019-12-01,22.1,2019,11223
643367,375,Nitrogen dioxide (NO2),Mean,ppb,UHF42,210,Coney Island - Sheepshead Bay,Summer 2019,2019-06-01,9.97,2019,11223
643355,375,Nitrogen dioxide (NO2),Mean,ppb,UHF42,206,Borough Park,Summer 2019,2019-06-01,13.58,2019,11204
667130,375,Nitrogen dioxide (NO2),Mean,ppb,UHF42,206,Borough Park,Winter 2019-20,2019-12-01,25.64,2019,11204
643388,375,Nitrogen dioxide (NO2),Mean,ppb,UHF42,306,Chelsea - Clinton,Summer 2019,2019-06-01,24.86,2019,10001
669780,365,Fine particles (PM 2.5),Mean,mcg/m3,UHF42,302,Central Harlem - Morningside Heights,Winter 2019-20,2019-12-01,7.56,2019,10026
649733,365,Fine particles (PM 2.5),Mean,mcg/m3,UHF42,306,Chelsea - Clinton,Summer 2019,2019-06-01,11.24,2019,10001
669813,365,Fine particles (PM 2.5),Mean,mcg/m3,UHF42,202,Downtown - Heights - Slope,Winter 2019-20,2019-12-01,8.55,2019,11201
649688,365,Fine particles (PM 2.5),Mean,mcg/m3,UHF42,202,Downtown - Heights - Slope,Summer 2019,2019-06-01,8.9,2019,11201
643376,375,Nitrogen dioxide (NO2),Mean,ppb,UHF42,302,Central Harlem - Morningside Heights,Summer 2019,2019-06-01,16.78,2019,10026
649768,365,Fine particles (PM 2.5),Mean,mcg/m3,UHF42,408,Jamaica,Annual Average 2019,2019-01-01,6.24,2019,11412
643391,375,Nitrogen dioxide (NO2),Mean,ppb,UHF42,307,Gramercy Park - Murray Hill,Summer 2019,2019-06-01,24.78,2019,10010
643424,375,Nitrogen dioxide (NO2),Mean,ppb,UHF42,408,Jamaica,Summer 2019,2019-06-01,13.05,2019,11412
667268,375,Nitrogen dioxide (NO2),Mean,ppb,UHF42,408,Jamaica,Winter 2019-20,2019-12-01,22.29,2019,11412
667208,375,Nitrogen dioxide (NO2),Mean,ppb,UHF42,308,Greenwich Village - SoHo,Winter 2019-20,2019-12-01,31.63,2019,10012
667202,375,Nitrogen dioxide (NO2),Mean,ppb,UHF42,307,Gramercy Park - Murray Hill,Winter 2019-20,2019-12-01,34.16,2019,10010
643394,375,Nitrogen dioxide (NO2),Mean,ppb,UHF42,308,Greenwich Village - SoHo,Summer 2019,2019-06-01,22.64,2019,10012
649736,365,Fine particles (PM 2.5),Mean,mcg/m3,UHF42,307,Gramercy Park - Murray Hill,Summer 2019,2019-06-01,11.11,2019,10010
669765,365,Fine particles (PM 2.5),Mean,mcg/m3,UHF42,307,Gramercy Park - Murray Hill,Winter 2019-20,2019-12-01,11,2019,10010
649787,365,Fine particles (PM 2.5),Mean,mcg/m3,UHF42,504,South Beach - Tottenville,Summer 2019,2019-06-01,7.25,2019,10306
649757,365,Fine particles (PM 2.5),Mean,mcg/m3,UHF42,404,Bayside - Little Neck,Summer 2019,2019-06-01,7.29,2019,11361
669744,365,Fine particles (PM 2.5),Mean,mcg/m3,UHF42,404,Bayside - Little Neck,Winter 2019-20,2019-12-01,7.65,2019,11361
649685,365,Fine particles (PM 2.5),Mean,mcg/m3,UHF42,201,Greenpoint,Summer 2019,2019-06-01,9.93,2019,11211
649718,365,Fine particles (PM 2.5),Mean,mcg/m3,UHF42,301,Washington Heights,Summer 2019,2019-06-01,8.17,2019,10031
649730,365,Fine particles (PM 2.5),Mean,mcg/m3,UHF42,305,Upper East Side,Summer 2019,2019-06-01,9.14,2019,10021
649724,365,Fine particles (PM 2.5),Mean,mcg/m3,UHF42,303,East Harlem,Summer 2019,2019-06-01,8.27,2019,10029
649697,365,Fine particles (PM 2.5),Mean,mcg/m3,UHF42,205,Sunset Park,Summer 2019,2019-06-01,8.86,2019,11220
649691,365,Fine particles (PM 2.5),Mean,mcg/m3,UHF42,203,Bedford Stuyvesant - Crown Heights,Summer 2019,2019-06-01,8.11,2019,11213
649703,365,Fine particles (PM 2.5),Mean,mcg/m3,UHF42,207,East Flatbush - Flatbush,Summer 2019,2019-06-01,7.87,2019,11203
669798,365,Fine particles (PM 2.5),Mean,mcg/m3,UHF42,207,East Flatbush - Flatbush,Winter 2019-20,2019-12-01,7.47,2019,11203
669819,365,Fine particles (PM 2.5),Mean,mcg/m3,UHF42,107,Hunts Point - Mott Haven,Winter 2019-20,2019-12-01,7.34,2019,10454
649700,365,Fine particles (PM 2.5),Mean,mcg/m3,UHF42,206,Borough Park,Summer 2019,2019-06-01,7.91,2019,11204
669801,365,Fine particles (PM 2.5),Mean,mcg/m3,UHF42,206,Borough Park,Winter 2019-20,2019-12-01,7.49,2019,11204
669822,365,Fine particles (PM 2.5),Mean,mcg/m3,UHF42,106,High Bridge - Morrisania,Winter 2019-20,2019-12-01,7.11,2019,10451
669792,365,Fine particles (PM 2.5),Mean,mcg/m3,UHF42,209,Bensonhurst - Bay Ridge,Winter 2019-20,2019-12-01,7.56,2019,11209
649709,365,Fine particles (PM 2.5),Mean,mcg/m3,UHF42,209,Bensonhurst - Bay Ridge,Summer 2019,2019-06-01,7.79,2019,11209
667136,375,Nitrogen dioxide (NO2),Mean,ppb,UHF42,207,East Flatbush - Flatbush,Winter 2019-20,2019-12-01,26.13,2019,11203
669783,365,Fine particles (PM 2.5),Mean,mcg/m3,UHF42,301,Washington Heights,Winter 2019-20,2019-12-01,7.35,2019,10031
667166,375,Nitrogen dioxide (NO2),Mean,ppb,UHF42,301,Washington Heights,Winter 2019-20,2019-12-01,24.62,2019,10031
643373,375,Nitrogen dioxide (NO2),Mean,ppb,UHF42,301,Washington Heights,Summer 2019,2019-06-01,14.03,2019,10031
650957,386,Ozone (O3),Mean,ppb,UHF42,408,Jamaica,Summer 2019,2019-06-01,32.83,2019,11412
650946,386,Ozone (O3),Mean,ppb,UHF42,307,Gramercy Park - Murray Hill,Summer 2019,2019-06-01,23.96,2019,10010
643337,375,Nitrogen dioxide (NO2),Mean,ppb,UHF42,107,Hunts Point - Mott Haven,Summer 2019,2019-06-01,15.52,2019,10454
650928,386,Ozone (O3),Mean,ppb,UHF42,107,Hunts Point - Mott Haven,Summer 2019,2019-06-01,29.58,2019,10454
650936,386,Ozone (O3),Mean,ppb,UHF42,208,Canarsie - Flatlands,Summer 2019,2019-06-01,34.05,2019,11234
650954,386,Ozone (O3),Mean,ppb,UHF42,405,Ridgewood - Forest Hills,Summer 2019,2019-06-01,31.3,2019,11374
643352,375,Nitrogen dioxide (NO2),Mean,ppb,UHF42,205,Sunset Park,Summer 2019,2019-06-01,16.21,2019,11220
667124,375,Nitrogen dioxide (NO2),Mean,ppb,UHF42,205,Sunset Park,Winter 2019-20,2019-12-01,26.36,2019,11220
643346,375,Nitrogen dioxide (NO2),Mean,ppb,UHF42,203,Bedford Stuyvesant - Crown Heights,Summer 2019,2019-06-01,14.34,2019,11213
650931,386,Ozone (O3),Mean,ppb,UHF42,203,Bedford Stuyvesant - Crown Heights,Summer 2019,2019-06-01,30.46,2019,11213
643438,375,Nitrogen dioxide (NO2),Mean,ppb,UHF42,503,Willowbrook,Annual Average 2019,2019-01-01,12.21,2019,10314
643414,375,Nitrogen dioxide (NO2),Mean,ppb,UHF42,405,Ridgewood - Forest Hills,Annual Average 2019,2019-01-01,16.24,2019,11374
643343,375,Nitrogen dioxide (NO2),Mean,ppb,UHF42,202,Downtown - Heights - Slope,Summer 2019,2019-06-01,17.99,2019,11201
667106,375,Nitrogen dioxide (NO2),Mean,ppb,UHF42,202,Downtown - Heights - Slope,Winter 2019-20,2019-12-01,28.64,2019,11201
650950,386,Ozone (O3),Mean,ppb,UHF42,401,Long Island City - Astoria,Summer 2019,2019-06-01,28.36,2019,11101
650929,386,Ozone (O3),Mean,ppb,UHF42,201,Greenpoint,Summer 2019,2019-06-01,27.77,2019,11211
650922,386,Ozone (O3),Mean,ppb,UHF42,101,Kingsbridge - Riverdale,Summer 2019,2019-06-01,28.43,2019,10463
650958,386,Ozone (O3),Mean,ppb,UHF42,409,Southeast Queens,Summer 2019,2019-06-01,33.42,2019,11004
650959,386,Ozone (O3),Mean,ppb,UHF42,410,Rockaways,Summer 2019,2019-06-01,37.44,2019,11691
650948,386,Ozone (O3),Mean,ppb,UHF42,309,Union Square - Lower East Side,Summer 2019,2019-06-01,25.72,2019,10002
650949,386,Ozone (O3),Mean,ppb,UHF42,310,Lower Manhattan,Summer 2019,2019-06-01,24.72,2019,10004
643334,375,Nitrogen dioxide (NO2),Mean,ppb,UHF42,106,High Bridge - Morrisania,Summer 2019,2019-06-01,15.43,2019,10451
667148,375,Nitrogen dioxide (NO2),Mean,ppb,UHF42,209,Bensonhurst - Bay Ridge,Winter 2019-20,2019-12-01,23.75,2019,11209
650937,386,Ozone (O3),Mean,ppb,UHF42,209,Bensonhurst - Bay Ridge,Summer 2019,2019-06-01,30.83,2019,11209
643426,375,Nitrogen dioxide (NO2),Mean,ppb,UHF42,409,Southeast Queens,Annual Average 2019,2019-01-01,14.5,2019,11004
643423,375,Nitrogen dioxide (NO2),Mean,ppb,UHF42,408,Jamaica,Annual Average 2019,2019-01-01,15.51,2019,11412
643390,375,Nitrogen dioxide (NO2),Mean,ppb,UHF42,307,Gramercy Park - Murray Hill,Annual Average 2019,2019-01-01,26.22,2019,10010
650945,386,Ozone (O3),Mean,ppb,UHF42,306,Chelsea - Clinton,Summer 2019,2019-06-01,23.84,2019,10001
650941,386,Ozone (O3),Mean,ppb,UHF42,302,Central Harlem - Morningside Heights,Summer 2019,2019-06-01,27.07,2019,10026
650930,386,Ozone (O3),Mean,ppb,UHF42,202,Downtown - Heights - Slope,Summer 2019,2019-06-01,27.61,2019,11201
643417,375,Nitrogen dioxide (NO2),Mean,ppb,UHF42,406,Fresh Meadows,Annual Average 2019,2019-01-01,15.36,2019,11365
643387,375,Nitrogen dioxide (NO2),Mean,ppb,UHF42,306,Chelsea - Clinton,Annual Average 2019,2019-01-01,26.02,2019,10001
643408,375,Nitrogen dioxide (NO2),Mean,ppb,UHF42,403,Flushing - Clearview,Annual Average 2019,2019-01-01,16.26,2019,11354
643378,375,Nitrogen dioxide (NO2),Mean,ppb,UHF42,303,East Harlem,Annual Average 2019,2019-01-01,19.4,2019,10029
649747,365,Fine particles (PM 2.5),Mean,mcg/m3,UHF42,401,Long Island City - Astoria,Annual Average 2019,2019-01-01,7.99,2019,11101
643399,375,Nitrogen dioxide (NO2),Mean,ppb,UHF42,310,Lower Manhattan,Annual Average 2019,2019-01-01,24.17,2019,10004
643396,375,Nitrogen dioxide (NO2),Mean,ppb,UHF42,309,Union Square - Lower East Side,Annual Average 2019,2019-01-01,21.57,2019,10002
649744,365,Fine particles (PM 2.5),Mean,mcg/m3,UHF42,310,Lower Manhattan,Annual Average 2019,2019-01-01,8.23,2019,10004
649738,365,Fine particles (PM 2.5),Mean,mcg/m3,UHF42,308,Greenwich Village - SoHo,Annual Average 2019,2019-01-01,9.65,2019,10012
649735,365,Fine particles (PM 2.5),Mean,mcg/m3,UHF42,307,Gramercy Park - Murray Hill,Annual Average 2019,2019-01-01,10.09,2019,10010
649720,365,Fine particles (PM 2.5),Mean,mcg/m3,UHF42,302,Central Harlem - Morningside Heights,Annual Average 2019,2019-01-01,7,2019,10026
649753,365,Fine particles (PM 2.5),Mean,mcg/m3,UHF42,403,Flushing - Clearview,Annual Average 2019,2019-01-01,6.61,2019,11354
649723,365,Fine particles (PM 2.5),Mean,mcg/m3,UHF42,303,East Harlem,Annual Average 2019,2019-01-01,7.11,2019,10029
649741,365,Fine particles (PM 2.5),Mean,mcg/m3,UHF42,309,Union Square - Lower East Side,Annual Average 2019,2019-01-01,8.87,2019,10002
649780,365,Fine particles (PM 2.5),Mean,mcg/m3,UHF42,502,Stapleton - St. George,Annual Average 2019,2019-01-01,5.9,2019,10301
643375,375,Nitrogen dioxide (NO2),Mean,ppb,UHF42,302,Central Harlem - Morningside Heights,Annual Average 2019,2019-01-01,19.7,2019,10026
643342,375,Nitrogen dioxide (NO2),Mean,ppb,UHF42,202,Downtown - Heights - Slope,Annual Average 2019,2019-01-01,19.98,2019,11201
643372,375,Nitrogen dioxide (NO2),Mean,ppb,UHF42,301,Washington Heights,Annual Average 2019,2019-01-01,17.27,2019,10031
643318,375,Nitrogen dioxide (NO2),Mean,ppb,UHF42,101,Kingsbridge - Riverdale,Annual Average 2019,2019-01-01,13.5,2019,10463
643384,375,Nitrogen dioxide (NO2),Mean,ppb,UHF42,305,Upper East Side,Annual Average 2019,2019-01-01,22.13,2019,10021
643366,375,Nitrogen dioxide (NO2),Mean,ppb,UHF42,210,Coney Island - Sheepshead Bay,Annual Average 2019,2019-01-01,13.5,2019,11223
643363,375,Nitrogen dioxide (NO2),Mean,ppb,UHF42,209,Bensonhurst - Bay Ridge,Annual Average 2019,2019-01-01,15.7,2019,11209
643333,375,Nitrogen dioxide (NO2),Mean,ppb,UHF42,106,High Bridge - Morrisania,Annual Average 2019,2019-01-01,18.76,2019,10451
650963,386,Ozone (O3),Mean,ppb,UHF42,504,South Beach - Tottenville,Summer 2019,2019-06-01,30.14,2019,10306
650943,386,Ozone (O3),Mean,ppb,UHF42,304,Upper West Side,Summer 2019,2019-06-01,25.59,2019,10023
643345,375,Nitrogen dioxide (NO2),Mean,ppb,UHF42,203,Bedford Stuyvesant - Crown Heights,Annual Average 2019,2019-01-01,17.69,2019,11213
643330,375,Nitrogen dioxide (NO2),Mean,ppb,UHF42,105,Crotona -Tremont,Annual Average 2019,2019-01-01,17.64,2019,10453
649687,365,Fine particles (PM 2.5),Mean,mcg/m3,UHF42,202,Downtown - Heights - Slope,Annual Average 2019,2019-01-01,7.44,2019,11201
649711,365,Fine particles (PM 2.5),Mean,mcg/m3,UHF42,210,Coney Island - Sheepshead Bay,Annual Average 2019,2019-01-01,6.04,2019,11223
649708,365,Fine particles (PM 2.5),Mean,mcg/m3,UHF42,209,Bensonhurst - Bay Ridge,Annual Average 2019,2019-01-01,6.21,2019,11209
649729,365,Fine particles (PM 2.5),Mean,mcg/m3,UHF42,305,Upper East Side,Annual Average 2019,2019-01-01,8,2019,10021
649702,365,Fine particles (PM 2.5),Mean,mcg/m3,UHF42,207,East Flatbush - Flatbush,Annual Average 2019,2019-01-01,6.31,2019,11203
667142,375,Nitrogen dioxide (NO2),Mean,ppb,UHF42,208,Canarsie - Flatlands,Winter 2019-20,2019-12-01,22.86,2019,11234
649699,365,Fine particles (PM 2.5),Mean,mcg/m3,UHF42,206,Borough Park,Annual Average 2019,2019-01-01,6.32,2019,11204
650934,386,Ozone (O3),Mean,ppb,UHF42,206,Borough Park,Summer 2019,2019-06-01,30.62,2019,11204
650927,386,Ozone (O3),Mean,ppb,UHF42,106,High Bridge - Morrisania,Summer 2019,2019-06-01,28.62,2019,10451
667088,375,Nitrogen dioxide (NO2),Mean,ppb,UHF42,106,High Bridge - Morrisania,Winter 2019-20,2019-12-01,25.81,2019,10451
649696,365,Fine particles (PM 2.5),Mean,mcg/m3,UHF42,205,Sunset Park,Annual Average 2019,2019-01-01,7.32,2019,11220
649690,365,Fine particles (PM 2.5),Mean,mcg/m3,UHF42,203,Bedford Stuyvesant - Crown Heights,Annual Average 2019,2019-01-01,6.61,2019,11213
650933,386,Ozone (O3),Mean,ppb,UHF42,205,Sunset Park,Summer 2019,2019-06-01,28.83,2019,11220
650924,386,Ozone (O3),Mean,ppb,UHF42,103,Fordham - Bronx Pk,Summer 2019,2019-06-01,29.64,2019,10458
667070,375,Nitrogen dioxide (NO2),Mean,ppb,UHF42,103,Fordham - Bronx Pk,Winter 2019-20,2019-12-01,22.59,2019,10458
643325,375,Nitrogen dioxide (NO2),Mean,ppb,UHF42,103,Fordham - Bronx Pk,Summer 2019,2019-06-01,12.17,2019,10458
649717,365,Fine particles (PM 2.5),Mean,mcg/m3,UHF42,301,Washington Heights,Annual Average 2019,2019-01-01,7.11,2019,10031
649663,365,Fine particles (PM 2.5),Mean,mcg/m3,UHF42,101,Kingsbridge - Riverdale,Annual Average 2019,2019-01-01,6.71,2019,10463
667058,375,Nitrogen dioxide (NO2),Mean,ppb,UHF42,101,Kingsbridge - Riverdale,Winter 2019-20,2019-12-01,21.27,2019,10463
643319,375,Nitrogen dioxide (NO2),Mean,ppb,UHF42,101,Kingsbridge - Riverdale,Summer 2019,2019-06-01,10.39,2019,10463
649670,365,Fine particles (PM 2.5),Mean,mcg/m3,UHF42,103,Fordham - Bronx Pk,Summer 2019,2019-06-01,7.77,2019,10458
669825,365,Fine particles (PM 2.5),Mean,mcg/m3,UHF42,105,Crotona -Tremont,Winter 2019-20,2019-12-01,7.37,2019,10453
649676,365,Fine particles (PM 2.5),Mean,mcg/m3,UHF42,105,Crotona -Tremont,Summer 2019,2019-06-01,8.27,2019,10453
649664,365,Fine particles (PM 2.5),Mean,mcg/m3,UHF42,101,Kingsbridge - Riverdale,Summer 2019,2019-06-01,7.78,2019,10463
669837,365,Fine particles (PM 2.5),Mean,mcg/m3,UHF42,101,Kingsbridge - Riverdale,Winter 2019-20,2019-12-01,6.37,2019,10463
649706,365,Fine particles (PM 2.5),Mean,mcg/m3,UHF42,208,Canarsie - Flatlands,Summer 2019,2019-06-01,7.71,2019,11234
669795,365,Fine particles (PM 2.5),Mean,mcg/m3,UHF42,208,Canarsie - Flatlands,Winter 2019-20,2019-12-01,6.85,2019,11234
649666,365,Fine particles (PM 2.5),Mean,mcg/m3,UHF42,102,Northeast Bronx,Annual Average 2019,2019-01-01,6.68,2019,10466
643322,375,Nitrogen dioxide (NO2),Mean,ppb,UHF42,102,Northeast Bronx,Summer 2019,2019-06-01,12.28,2019,10466
667064,375,Nitrogen dioxide (NO2),Mean,ppb,UHF42,102,Northeast Bronx,Winter 2019-20,2019-12-01,21.91,2019,10466
649667,365,Fine particles (PM 2.5),Mean,mcg/m3,UHF42,102,Northeast Bronx,Summer 2019,2019-06-01,7.7,2019,10466
669834,365,Fine particles (PM 2.5),Mean,mcg/m3,UHF42,102,Northeast Bronx,Winter 2019-20,2019-12-01,6.66,2019,10466
643442,375,Nitrogen dioxide (NO2),Mean,ppb,UHF42,504,South Beach - Tottenville,Summer 2019,2019-06-01,7.82,2019,10306
667304,375,Nitrogen dioxide (NO2),Mean,ppb,UHF42,504,South Beach - Tottenville,Winter 2019-20,2019-12-01,15.41,2019,10306
643412,375,Nitrogen dioxide (NO2),Mean,ppb,UHF42,404,Bayside - Little Neck,Summer 2019,2019-06-01,12.49,2019,11361
667244,375,Nitrogen dioxide (NO2),Mean,ppb,UHF42,404,Bayside - Little Neck,Winter 2019-20,2019-12-01,19.92,2019,11361
649726,365,Fine particles (PM 2.5),Mean,mcg/m3,UHF42,304,Upper West Side,Annual Average 2019,2019-01-01,7.38,2019,10023
649678,365,Fine particles (PM 2.5),Mean,mcg/m3,UHF42,106,High Bridge - Morrisania,Annual Average 2019,2019-01-01,7.14,2019,10451
669786,365,Fine particles (PM 2.5),Mean,mcg/m3,UHF42,211,Williamsburg - Bushwick,Winter 2019-20,2019-12-01,8.29,2019,11206
649715,365,Fine particles (PM 2.5),Mean,mcg/m3,UHF42,211,Williamsburg - Bushwick,Summer 2019,2019-06-01,8.96,2019,11206
643349,375,Nitrogen dioxide (NO2),Mean,ppb,UHF42,204,East New York,Summer 2019,2019-06-01,11.97,2019,11207
667118,375,Nitrogen dioxide (NO2),Mean,ppb,UHF42,204,East New York,Winter 2019-20,2019-12-01,25.5,2019,11207
643370,375,Nitrogen dioxide (NO2),Mean,ppb,UHF42,211,Williamsburg - Bushwick,Summer 2019,2019-06-01,16.66,2019,11206
669774,365,Fine particles (PM 2.5),Mean,mcg/m3,UHF42,304,Upper West Side,Winter 2019-20,2019-12-01,7.87,2019,10023
669807,365,Fine particles (PM 2.5),Mean,mcg/m3,UHF42,204,East New York,Winter 2019-20,2019-12-01,7.4,2019,11207
649694,365,Fine particles (PM 2.5),Mean,mcg/m3,UHF42,204,East New York,Summer 2019,2019-06-01,8.02,2019,11207
650953,386,Ozone (O3),Mean,ppb,UHF42,404,Bayside - Little Neck,Summer 2019,2019-06-01,31.68,2019,11361
650932,386,Ozone (O3),Mean,ppb,UHF42,204,East New York,Summer 2019,2019-06-01,32.61,2019,11207
643441,375,Nitrogen dioxide (NO2),Mean,ppb,UHF42,504,South Beach - Tottenville,Annual Average 2019,2019-01-01,10.23,2019,10306
643411,375,Nitrogen dioxide (NO2),Mean,ppb,UHF42,404,Bayside - Little Neck,Annual Average 2019,2019-01-01,14.17,2019,11361
649786,365,Fine particles (PM 2.5),Mean,mcg/m3,UHF42,504,South Beach - Tottenville,Annual Average 2019,2019-01-01,5.81,2019,10306
649756,365,Fine particles (PM 2.5),Mean,mcg/m3,UHF42,404,Bayside - Little Neck,Annual Average 2019,2019-01-01,6.21,2019,11361
643348,375,Nitrogen dioxide (NO2),Mean,ppb,UHF42,204,East New York,Annual Average 2019,2019-01-01,15.81,2019,11207
649714,365,Fine particles (PM 2.5),Mean,mcg/m3,UHF42,211,Williamsburg - Bushwick,Annual Average 2019,2019-01-01,7.5,2019,11206
649693,365,Fine particles (PM 2.5),Mean,mcg/m3,UHF42,204,East New York,Annual Average 2019,2019-01-01,6.56,2019,11207
649672,365,Fine particles (PM 2.5),Mean,mcg/m3,UHF42,104,Pelham - Throgs Neck,Annual Average 2019,2019-01-01,6.74,2019,10461
649673,365,Fine particles (PM 2.5),Mean,mcg/m3,UHF42,104,Pelham - Throgs Neck,Summer 2019,2019-06-01,7.81,2019,10461
669828,365,Fine particles (PM 2.5),Mean,mcg/m3,UHF42,104,Pelham - Throgs Neck,Winter 2019-20,2019-12-01,7.28,2019,10461
643327,375,Nitrogen dioxide (NO2),Mean,ppb,UHF42,104,Pelham - Throgs Neck,Annual Average 2019,2019-01-01,15.47,2019,10461
